PLAYER,TEAM,DATE,MATCHUP,W/L,MIN,PTS,FGM,FGA,3PM,3PA,FTM,FTA,OREB,DREB,REB,AST,STL,BLK,TOV,PF,PLUS-MINUS
Malik Beasley,MIN,12/23/2020,MIN vs. DET,W,27,23,10,18,3,9,0,0,1,3,4,2,1,0,1,3,12
Jake Layman,MIN,12/23/2020,MIN vs. DET,W,17,0,0,3,0,1,0,0,0,1,1,0,0,0,0,0,-15
Anthony Edwards,MIN,12/23/2020,MIN vs. DET,W,25,15,5,12,1,5,4,4,2,2,4,4,0,0,1,1,4
Ricky Rubio,MIN,12/23/2020,MIN vs. DET,W,25,3,1,4,0,1,1,2,0,1,1,3,2,0,1,3,17
Josh Okogie,MIN,12/23/2020,MIN vs. DET,W,33,12,4,9,1,4,3,3,1,3,4,2,0,0,2,3,17
Jarrett Culver,MIN,12/23/2020,MIN vs. DET,W,21,10,3,6,0,1,4,5,2,8,10,2,0,0,0,0,7
Karl-Anthony Towns,MIN,12/23/2020,MIN vs. DET,W,30,22,6,10,2,4,8,8,3,8,11,7,1,2,4,4,11
Naz Reid,MIN,12/23/2020,MIN vs. DET,W,18,8,2,5,0,1,4,6,2,3,5,1,0,3,0,0,-1
D'Angelo Russell,MIN,12/23/2020,MIN vs. DET,W,33,18,7,16,4,11,0,0,1,4,5,4,1,0,2,2,5
Juancho Hernangomez,MIN,12/23/2020,MIN vs. DET,W,12,0,0,5,0,4,0,0,0,3,3,0,1,0,0,0,-7
Anthony Edwards,MIN,12/26/2020,MIN @ UTA,W,22,18,8,12,2,3,0,0,0,1,1,1,2,0,0,4,6
Ricky Rubio,MIN,12/26/2020,MIN @ UTA,W,27,9,3,8,1,3,2,2,0,4,4,6,1,0,1,4,6
Jake Layman,MIN,12/26/2020,MIN @ UTA,W,14,0,0,0,0,0,0,0,0,0,0,1,1,0,0,2,0
Ed Davis,MIN,12/26/2020,MIN @ UTA,W,0,0,0,0,0,0,0,0,0,0,0,0,0,0,0,0,3
Naz Reid,MIN,12/26/2020,MIN @ UTA,W,18,8,3,8,2,4,0,0,0,2,2,2,1,0,1,1,-9
Josh Okogie,MIN,12/26/2020,MIN @ UTA,W,32,8,4,8,0,1,0,0,3,3,6,2,0,1,1,3,-4
D'Angelo Russell,MIN,12/26/2020,MIN @ UTA,W,34,25,9,21,3,6,4,8,0,2,2,6,1,0,2,4,-9
Juancho Hernangomez,MIN,12/26/2020,MIN @ UTA,W,5,0,0,1,0,0,0,0,1,0,1,0,0,0,0,1,-1
Karl-Anthony Towns,MIN,12/26/2020,MIN @ UTA,W,30,16,6,19,1,5,3,3,3,9,12,3,1,4,2,3,11
Malik Beasley,MIN,12/26/2020,MIN @ UTA,W,39,18,7,17,1,4,3,3,2,4,6,0,1,0,2,3,13
Jarrett Culver,MIN,12/26/2020,MIN @ UTA,W,20,14,5,7,3,3,1,2,3,3,6,0,1,0,0,3,9
Malik Beasley,MIN,12/27/2020,MIN @ LAL,L,24,8,3,9,0,3,2,3,0,5,5,2,1,0,0,0,-19
D'Angelo Russell,MIN,12/27/2020,MIN @ LAL,L,21,4,2,7,0,1,0,0,0,0,0,3,1,1,7,4,-31
Jordan McLaughlin,MIN,12/27/2020,MIN @ LAL,L,16,4,2,5,0,2,0,0,0,3,3,1,0,0,0,0,-6
Jarred Vanderbilt,MIN,12/27/2020,MIN @ LAL,L,15,2,0,3,0,0,2,4,2,5,7,6,3,1,1,0,1
Josh Okogie,MIN,12/27/2020,MIN @ LAL,L,11,4,2,4,0,1,0,0,0,0,0,1,0,0,0,0,-16
Jake Layman,MIN,12/27/2020,MIN @ LAL,L,15,10,4,8,0,1,2,2,0,3,3,0,0,0,0,1,-17
Anthony Edwards,MIN,12/27/2020,MIN @ LAL,L,29,15,6,21,1,9,2,2,2,2,4,2,1,0,1,2,-14
Juancho Hernangomez,MIN,12/27/2020,MIN @ LAL,L,13,6,2,6,1,3,1,3,2,3,5,0,0,1,0,1,-15
Ed Davis,MIN,12/27/2020,MIN @ LAL,L,13,4,2,5,0,0,0,0,7,0,7,1,0,1,2,4,-15
Jaden McDaniels,MIN,12/27/2020,MIN @ LAL,L,8,6,2,3,2,3,0,0,0,1,1,0,2,1,0,2,0
Ricky Rubio,MIN,12/27/2020,MIN @ LAL,L,18,9,4,8,1,4,0,0,1,3,4,4,0,0,0,1,-9
Jarrett Culver,MIN,12/27/2020,MIN @ LAL,L,29,8,4,11,0,4,0,0,2,2,4,0,1,1,5,4,-18
Naz Reid,MIN,12/27/2020,MIN @ LAL,L,28,11,5,13,1,4,0,0,1,4,5,4,2,0,1,5,-21
Jake Layman,MIN,12/29/2020,MIN @ LAC,L,13,4,2,4,0,1,0,0,0,1,1,1,1,2,0,3,-7
D'Angelo Russell,MIN,12/29/2020,MIN @ LAC,L,31,22,9,19,4,11,0,0,1,2,3,4,2,0,3,2,-26
Jarred Vanderbilt,MIN,12/29/2020,MIN @ LAC,L,16,9,4,5,0,0,1,2,3,3,6,1,1,1,0,0,0
Naz Reid,MIN,12/29/2020,MIN @ LAC,L,20,11,4,6,1,1,2,2,2,1,3,1,0,0,0,3,-12
Jaden McDaniels,MIN,12/29/2020,MIN @ LAC,L,7,3,1,1,0,0,1,2,0,2,2,0,0,0,2,1,5
Malik Beasley,MIN,12/29/2020,MIN @ LAC,L,28,19,5,16,2,8,7,8,0,4,4,0,0,0,1,0,-15
Juancho Hernangomez,MIN,12/29/2020,MIN @ LAC,L,18,2,1,5,0,3,0,0,0,4,4,0,1,0,2,0,-1
Ricky Rubio,MIN,12/29/2020,MIN @ LAC,L,26,17,6,8,2,3,3,3,0,0,0,5,1,0,3,3,-13
Jordan McLaughlin,MIN,12/29/2020,MIN @ LAC,L,18,2,1,4,0,1,0,0,0,0,0,9,0,0,2,1,-2
Anthony Edwards,MIN,12/29/2020,MIN @ LAC,L,25,12,4,10,4,7,0,0,0,0,0,0,0,1,0,1,-21
Jarrett Culver,MIN,12/29/2020,MIN @ LAC,L,26,0,0,10,0,3,0,0,4,6,10,0,1,1,1,1,-12
Ed Davis,MIN,12/29/2020,MIN @ LAC,L,12,0,0,1,0,0,0,0,1,5,6,1,0,1,0,0,-11
D'Angelo Russell,MIN,01/01/2021,MIN vs. WAS,L,26,14,6,16,2,7,0,2,1,3,4,3,1,0,5,0,-32
Jake Layman,MIN,01/01/2021,MIN vs. WAS,L,15,12,2,6,1,3,7,9,0,1,1,1,3,0,1,3,-1
Ed Davis,MIN,01/01/2021,MIN vs. WAS,L,16,0,0,4,0,0,0,0,4,6,10,3,0,0,0,1,-20
Jarred Vanderbilt,MIN,01/01/2021,MIN vs. WAS,L,12,6,3,3,0,0,0,1,2,2,4,1,1,0,3,1,8
Anthony Edwards,MIN,01/01/2021,MIN vs. WAS,L,26,17,7,16,2,8,1,4,0,3,3,2,0,1,3,2,-7
Naz Reid,MIN,01/01/2021,MIN vs. WAS,L,24,17,7,10,1,3,2,3,1,5,6,1,1,2,2,4,4
Ricky Rubio,MIN,01/01/2021,MIN vs. WAS,L,25,3,1,4,1,2,0,0,1,1,2,5,2,0,3,2,-22
Jaden McDaniels,MIN,01/01/2021,MIN vs. WAS,L,9,0,0,2,0,1,0,0,0,1,1,1,0,0,0,0,14
Juancho Hernangomez,MIN,01/01/2021,MIN vs. WAS,L,14,5,2,3,1,2,0,0,0,3,3,0,0,0,0,0,-20
Jordan McLaughlin,MIN,01/01/2021,MIN vs. WAS,L,24,10,4,7,2,3,0,0,1,3,4,0,1,0,0,0,-4
Jarrett Culver,MIN,01/01/2021,MIN vs. WAS,L,21,4,2,4,0,1,0,0,1,1,2,0,0,0,2,5,-8
Malik Beasley,MIN,01/01/2021,MIN vs. WAS,L,26,21,8,13,3,6,2,2,0,3,3,0,0,0,1,4,-17
Anthony Edwards,MIN,01/03/2021,MIN vs. DEN,L,23,5,2,4,1,3,0,0,0,0,0,4,1,0,3,1,-8
Ed Davis,MIN,01/03/2021,MIN vs. DEN,L,24,5,1,4,0,0,3,4,3,5,8,1,1,1,0,5,-20
Jaden McDaniels,MIN,01/03/2021,MIN vs. DEN,L,1,5,2,2,1,1,0,0,0,0,0,0,0,0,0,0,5
Jordan McLaughlin,MIN,01/03/2021,MIN vs. DEN,L,6,0,0,1,0,1,0,0,0,0,0,4,1,1,1,0,3
D'Angelo Russell,MIN,01/03/2021,MIN vs. DEN,L,30,18,7,15,4,7,0,0,1,3,4,7,2,1,3,2,-21
Juancho Hernangomez,MIN,01/03/2021,MIN vs. DEN,L,26,6,3,10,0,3,0,0,0,5,5,2,0,0,0,0,-7
Jake Layman,MIN,01/03/2021,MIN vs. DEN,L,22,6,2,4,0,2,2,2,0,0,0,2,2,0,1,1,-8
Ricky Rubio,MIN,01/03/2021,MIN vs. DEN,L,18,6,3,7,0,3,0,0,0,2,2,4,0,0,1,1,-3
Naz Reid,MIN,01/03/2021,MIN vs. DEN,L,23,13,6,9,0,2,1,2,0,4,4,1,0,1,2,5,0
Jarrett Culver,MIN,01/03/2021,MIN vs. DEN,L,28,20,8,13,1,4,3,6,4,2,6,0,3,0,2,2,-9
Jarred Vanderbilt,MIN,01/03/2021,MIN vs. DEN,L,1,0,0,0,0,0,0,0,0,0,0,0,0,0,0,0,5
Malik Beasley,MIN,01/03/2021,MIN vs. DEN,L,38,25,10,16,3,5,2,2,1,6,7,5,1,2,1,0,-12
Jake Layman,MIN,01/05/2021,MIN @ DEN,L,14,7,2,3,1,2,2,2,0,1,1,1,0,1,1,3,-9
Naz Reid,MIN,01/05/2021,MIN @ DEN,L,10,2,1,2,0,0,0,0,0,0,0,0,0,0,2,5,-13
Ed Davis,MIN,01/05/2021,MIN @ DEN,L,14,4,2,3,0,0,0,0,2,4,6,0,0,0,0,4,-4
D'Angelo Russell,MIN,01/05/2021,MIN @ DEN,L,37,33,10,21,4,9,9,10,0,3,3,11,2,0,3,3,1
Malik Beasley,MIN,01/05/2021,MIN @ DEN,L,38,15,5,16,0,6,5,5,2,4,6,4,0,0,1,1,1
Juancho Hernangomez,MIN,01/05/2021,MIN @ DEN,L,34,25,10,14,5,8,0,1,3,5,8,2,2,1,0,3,3
Anthony Edwards,MIN,01/05/2021,MIN @ DEN,L,26,15,6,19,1,7,2,2,1,2,3,1,0,0,3,1,-11
Jarrett Culver,MIN,01/05/2021,MIN @ DEN,L,22,4,2,5,0,1,0,0,1,5,6,1,0,0,2,2,6
Jarred Vanderbilt,MIN,01/05/2021,MIN @ DEN,L,23,11,4,5,0,0,3,7,1,4,5,2,3,2,0,4,9
Ricky Rubio,MIN,01/05/2021,MIN @ DEN,L,21,0,0,3,0,1,0,0,0,4,4,2,1,0,2,5,-18
Jarred Vanderbilt,MIN,01/07/2021,MIN @ POR,L,21,10,4,7,0,0,2,3,3,7,10,1,2,0,0,2,-13
Anthony Edwards,MIN,01/07/2021,MIN @ POR,L,31,26,9,21,3,10,5,7,2,2,4,1,2,0,4,2,-15
Jaylen Nowell,MIN,01/07/2021,MIN @ POR,L,8,2,1,3,0,1,0,0,1,0,1,1,0,0,0,0,6
Naz Reid,MIN,01/07/2021,MIN @ POR,L,16,13,4,7,1,3,4,7,2,3,5,1,0,1,0,4,-2
Ricky Rubio,MIN,01/07/2021,MIN @ POR,L,29,2,0,4,0,1,2,2,1,4,5,10,5,0,2,2,-4
Jake Layman,MIN,01/07/2021,MIN @ POR,L,13,4,2,4,0,2,0,0,0,0,0,0,0,1,1,0,-10
Ed Davis,MIN,01/07/2021,MIN @ POR,L,14,0,0,1,0,0,0,0,0,1,1,0,0,1,0,1,-3
Juancho Hernangomez,MIN,01/07/2021,MIN @ POR,L,22,12,3,8,2,5,4,4,1,5,6,0,1,0,1,1,-13
Jaden McDaniels,MIN,01/07/2021,MIN @ POR,L,12,3,1,3,1,3,0,0,2,2,4,3,0,0,1,2,13
D'Angelo Russell,MIN,01/07/2021,MIN @ POR,L,28,26,9,16,3,7,5,6,0,3,3,3,0,1,3,3,-15
Jarrett Culver,MIN,01/07/2021,MIN @ POR,L,20,7,3,6,1,3,0,0,3,2,5,2,0,0,1,1,-14
Malik Beasley,MIN,01/07/2021,MIN @ POR,L,28,12,3,13,3,6,3,4,0,4,4,2,1,0,3,1,-20
Anthony Edwards,MIN,01/09/2021,MIN vs. SAS,L,30,13,5,11,1,4,2,2,0,4,4,4,0,0,3,3,2
Ricky Rubio,MIN,01/09/2021,MIN vs. SAS,L,34,6,3,7,0,0,0,0,1,4,5,8,0,0,2,2,-5
D'Angelo Russell,MIN,01/09/2021,MIN vs. SAS,L,38,16,7,22,1,6,1,3,1,2,3,6,1,1,1,2,-3
Malik Beasley,MIN,01/09/2021,MIN vs. SAS,L,40,29,11,20,7,11,0,0,0,4,4,2,0,0,2,2,2
Jarred Vanderbilt,MIN,01/09/2021,MIN vs. SAS,L,12,2,1,1,0,0,0,0,0,2,2,1,0,0,1,1,2
Karl-Anthony Towns,MIN,01/09/2021,MIN vs. SAS,L,37,25,9,17,2,3,5,6,6,7,13,4,0,3,3,2,-8
Jarrett Culver,MIN,01/09/2021,MIN vs. SAS,L,31,10,4,6,0,0,2,4,1,7,8,3,0,0,1,4,-4
Jake Layman,MIN,01/09/2021,MIN vs. SAS,L,5,0,0,0,0,0,0,0,0,0,0,0,0,0,0,1,-5
Naz Reid,MIN,01/09/2021,MIN vs. SAS,L,16,16,6,8,3,4,1,2,1,6,7,1,0,3,2,1,5
Juancho Hernangomez,MIN,01/09/2021,MIN vs. SAS,L,23,5,2,4,1,2,0,0,1,6,7,0,0,0,1,2,-1
Josh Okogie,MIN,01/10/2021,MIN vs. SAS,W,20,6,3,5,0,2,0,2,0,4,4,0,0,1,1,2,7
Ed Davis,MIN,01/10/2021,MIN vs. SAS,W,18,6,3,3,0,0,0,0,2,4,6,0,2,0,0,3,9
Anthony Edwards,MIN,01/10/2021,MIN vs. SAS,W,18,0,0,8,0,2,0,0,3,3,6,1,0,0,2,1,-5
Malik Beasley,MIN,01/10/2021,MIN vs. SAS,W,35,24,9,18,3,6,3,3,0,3,3,0,0,0,0,0,13
Jarred Vanderbilt,MIN,01/10/2021,MIN vs. SAS,W,19,5,2,4,0,0,1,2,1,7,8,0,0,0,1,2,-7
Jarrett Culver,MIN,01/10/2021,MIN vs. SAS,W,20,2,1,5,0,1,0,0,0,3,3,4,0,1,2,1,8
Naz Reid,MIN,01/10/2021,MIN vs. SAS,W,29,11,3,7,1,4,4,4,1,6,7,1,0,1,3,3,-5
D'Angelo Russell,MIN,01/10/2021,MIN vs. SAS,W,31,27,9,21,4,7,5,6,0,5,5,5,1,0,4,2,4
Ricky Rubio,MIN,01/10/2021,MIN vs. SAS,W,22,8,2,5,0,1,4,4,0,2,2,6,3,0,0,1,0
Juancho Hernangomez,MIN,01/10/2021,MIN vs. SAS,W,27,7,2,5,1,3,2,2,2,6,8,2,0,0,0,2,16
Anthony Edwards,MIN,01/13/2021,MIN vs. MEM,L,17,2,1,6,0,2,0,0,2,1,3,1,0,0,0,1,-3
Juancho Hernangomez,MIN,01/13/2021,MIN vs. MEM,L,29,5,2,7,1,6,0,0,0,8,8,0,0,0,0,0,7
Karl-Anthony Towns,MIN,01/13/2021,MIN vs. MEM,L,34,25,8,17,1,4,8,8,4,10,14,3,0,2,1,2,5
Ricky Rubio,MIN,01/13/2021,MIN vs. MEM,L,24,6,1,5,0,2,4,4,0,2,2,6,0,0,3,0,-16
Jarrett Culver,MIN,01/13/2021,MIN vs. MEM,L,10,2,1,2,0,1,0,2,0,2,2,0,0,0,0,2,-6
Jarred Vanderbilt,MIN,01/13/2021,MIN vs. MEM,L,15,2,1,1,0,0,0,0,0,4,4,0,0,0,0,5,-14
Malik Beasley,MIN,01/13/2021,MIN vs. MEM,L,34,28,11,23,4,11,2,3,2,4,6,5,1,1,1,0,-1
Josh Okogie,MIN,01/13/2021,MIN vs. MEM,L,27,3,1,2,0,0,1,1,1,2,3,4,0,3,0,5,0
Naz Reid,MIN,01/13/2021,MIN vs. MEM,L,14,9,3,6,1,3,2,2,1,2,3,0,0,0,2,2,-16
D'Angelo Russell,MIN,01/13/2021,MIN vs. MEM,L,36,25,10,21,2,8,3,4,1,2,3,8,2,0,5,1,-11
Jarrett Culver,MIN,01/18/2021,MIN @ ATL,L,19,7,3,6,0,0,1,2,2,5,7,0,3,1,3,3,-4
Jaden McDaniels,MIN,01/18/2021,MIN @ ATL,L,12,3,1,4,1,3,0,0,0,1,1,0,0,0,1,3,-2
Ed Davis,MIN,01/18/2021,MIN @ ATL,L,14,4,1,3,0,0,2,2,3,1,4,0,2,0,0,2,3
Josh Okogie,MIN,01/18/2021,MIN @ ATL,L,22,4,1,3,0,1,2,2,1,1,2,2,0,1,1,2,-16
Anthony Edwards,MIN,01/18/2021,MIN @ ATL,L,30,12,5,16,2,5,0,0,1,4,5,2,0,0,1,2,1
Jordan McLaughlin,MIN,01/18/2021,MIN @ ATL,L,19,4,2,7,0,3,0,0,0,2,2,4,1,0,1,1,-15
Jarred Vanderbilt,MIN,01/18/2021,MIN @ ATL,L,29,8,3,4,0,0,2,4,1,7,8,3,3,1,3,3,-17
D'Angelo Russell,MIN,01/18/2021,MIN @ ATL,L,32,31,11,22,6,13,3,5,1,2,3,7,4,1,3,0,-3
Naz Reid,MIN,01/18/2021,MIN @ ATL,L,28,9,4,9,1,2,0,0,0,2,2,1,2,1,2,2,-7
Malik Beasley,MIN,01/18/2021,MIN @ ATL,L,34,15,5,17,4,10,1,1,0,5,5,3,1,1,3,3,5
Naz Reid,MIN,01/20/2021,MIN vs. ORL,L,29,14,5,8,2,4,2,2,0,3,3,1,0,3,1,1,-4
Jaden McDaniels,MIN,01/20/2021,MIN vs. ORL,L,26,12,5,9,2,4,0,0,3,5,8,1,0,3,0,4,19
D'Angelo Russell,MIN,01/20/2021,MIN vs. ORL,L,32,19,7,17,4,7,1,1,0,2,2,6,1,2,2,1,-13
Malik Beasley,MIN,01/20/2021,MIN vs. ORL,L,34,13,5,15,3,10,0,0,2,5,7,5,1,0,1,1,-7
Ed Davis,MIN,01/20/2021,MIN vs. ORL,L,18,2,1,1,0,0,0,0,1,5,6,3,0,1,1,5,3
Josh Okogie,MIN,01/20/2021,MIN vs. ORL,L,25,11,4,7,1,3,2,2,0,6,6,0,1,1,3,4,-14
Anthony Edwards,MIN,01/20/2021,MIN vs. ORL,L,23,8,3,14,1,4,1,2,0,0,0,0,0,0,2,0,13
Jarred Vanderbilt,MIN,01/20/2021,MIN vs. ORL,L,18,4,1,3,1,1,1,4,0,3,3,1,1,1,1,4,-12
Jordan McLaughlin,MIN,01/20/2021,MIN vs. ORL,L,21,6,2,5,1,2,1,1,1,4,5,7,0,0,1,0,4
Jarrett Culver,MIN,01/20/2021,MIN vs. ORL,L,15,7,3,6,0,0,1,2,1,2,3,1,1,1,1,0,6
Anthony Edwards,MIN,01/22/2021,MIN vs. ATL,L,24,5,2,12,1,5,0,0,0,3,3,1,1,0,3,2,-13
Jaden McDaniels,MIN,01/22/2021,MIN vs. ATL,L,23,4,2,9,0,2,0,1,2,3,5,0,0,1,0,0,-20
Jaylen Nowell,MIN,01/22/2021,MIN vs. ATL,L,12,9,4,4,1,1,0,0,1,1,2,0,1,0,1,2,2
Jake Layman,MIN,01/22/2021,MIN vs. ATL,L,13,7,3,5,0,2,1,1,1,1,2,1,1,0,0,1,5
Malik Beasley,MIN,01/22/2021,MIN vs. ATL,L,25,17,7,11,2,5,1,1,0,1,1,4,2,0,2,2,-12
Ricky Rubio,MIN,01/22/2021,MIN vs. ATL,L,15,4,2,6,0,2,0,1,0,4,4,5,3,0,3,0,-13
D'Angelo Russell,MIN,01/22/2021,MIN vs. ATL,L,21,9,2,9,1,5,4,4,1,1,2,4,0,0,2,4,-11
Jarrett Culver,MIN,01/22/2021,MIN vs. ATL,L,19,15,6,13,1,5,2,2,1,1,2,2,0,1,0,4,-15
Jordan McLaughlin,MIN,01/22/2021,MIN vs. ATL,L,13,2,0,1,0,0,2,2,1,2,3,5,1,0,1,0,6
Josh Okogie,MIN,01/22/2021,MIN vs. ATL,L,19,3,1,4,1,3,0,0,0,1,1,1,2,0,1,2,1
Naz Reid,MIN,01/22/2021,MIN vs. ATL,L,25,13,6,7,1,2,0,0,0,8,8,2,1,4,0,3,-1
Jarred Vanderbilt,MIN,01/22/2021,MIN vs. ATL,L,27,10,5,10,0,0,0,0,1,3,4,4,2,1,0,1,-10
Ed Davis,MIN,01/22/2021,MIN vs. ATL,L,6,0,0,2,0,0,0,0,2,1,3,1,0,1,0,0,-9
Josh Okogie,MIN,01/23/2021,MIN vs. NOP,W,27,9,2,8,1,5,4,5,1,2,3,2,5,0,1,1,1
Ed Davis,MIN,01/23/2021,MIN vs. NOP,W,19,2,1,1,0,0,0,0,4,5,9,3,2,0,0,5,5
Jaden McDaniels,MIN,01/23/2021,MIN vs. NOP,W,20,3,1,7,1,3,0,0,0,3,3,1,0,2,1,4,5
Naz Reid,MIN,01/23/2021,MIN vs. NOP,W,27,20,5,10,2,4,8,8,1,3,4,2,0,1,1,4,8
Malik Beasley,MIN,01/23/2021,MIN vs. NOP,W,31,16,6,18,2,8,2,2,1,5,6,3,0,0,0,1,2
Jarrett Culver,MIN,01/23/2021,MIN vs. NOP,W,25,16,6,9,2,4,2,4,0,5,5,0,1,0,0,4,1
Jarred Vanderbilt,MIN,01/23/2021,MIN vs. NOP,W,21,16,8,13,0,0,0,0,5,6,11,0,2,1,0,1,7
Anthony Edwards,MIN,01/23/2021,MIN vs. NOP,W,20,18,5,14,2,7,6,6,0,1,1,1,2,0,2,0,9
Jordan McLaughlin,MIN,01/23/2021,MIN vs. NOP,W,20,11,4,7,2,2,1,2,1,0,1,4,1,0,2,0,10
Ricky Rubio,MIN,01/23/2021,MIN vs. NOP,W,28,9,1,4,0,1,7,10,1,6,7,7,1,0,4,2,2
Anthony Edwards,MIN,01/25/2021,MIN @ GSW,L,27,15,4,13,1,3,6,7,2,1,3,1,1,0,2,2,-10
Jaden McDaniels,MIN,01/25/2021,MIN @ GSW,L,26,7,3,9,1,3,0,2,1,4,5,2,1,0,0,4,-7
Jordan McLaughlin,MIN,01/25/2021,MIN @ GSW,L,22,15,7,12,1,2,0,0,0,2,2,5,1,0,2,2,2
Naz Reid,MIN,01/25/2021,MIN @ GSW,L,24,11,5,16,1,6,0,0,4,6,10,1,0,2,2,6,-11
Jarred Vanderbilt,MIN,01/25/2021,MIN @ GSW,L,25,12,5,8,0,0,2,2,4,1,5,2,2,2,2,3,-24
Malik Beasley,MIN,01/25/2021,MIN @ GSW,L,30,30,10,18,4,9,6,6,0,7,7,0,1,0,3,1,-17
Ashton Hagans,MIN,01/25/2021,MIN @ GSW,L,2,0,0,0,0,0,0,0,0,0,0,0,0,0,1,0,-3
Ricky Rubio,MIN,01/25/2021,MIN @ GSW,L,26,6,1,8,0,1,4,4,2,2,4,11,1,0,4,1,-24
Jarrett Culver,MIN,01/25/2021,MIN @ GSW,L,15,4,0,2,0,0,4,4,0,1,1,0,0,0,1,2,5
Josh Okogie,MIN,01/25/2021,MIN @ GSW,L,17,0,0,0,0,0,0,0,0,0,0,1,1,0,0,2,-14
Ed Davis,MIN,01/25/2021,MIN @ GSW,L,13,4,2,4,0,0,0,0,3,4,7,1,0,0,0,3,3
Jake Layman,MIN,01/25/2021,MIN @ GSW,L,14,4,2,4,0,0,0,0,0,3,3,2,0,1,1,2,-10
Jarred Vanderbilt,MIN,01/27/2021,MIN @ GSW,L,25,4,2,3,0,0,0,0,2,5,7,4,2,1,0,2,-16
Naz Reid,MIN,01/27/2021,MIN @ GSW,L,27,19,6,10,1,2,6,9,4,3,7,1,3,5,3,3,-17
Jake Layman,MIN,01/27/2021,MIN @ GSW,L,19,7,3,6,1,1,0,2,1,3,4,0,2,1,2,1,5
Ricky Rubio,MIN,01/27/2021,MIN @ GSW,L,22,5,2,7,0,2,1,2,0,1,1,5,0,0,3,1,-15
Jaden McDaniels,MIN,01/27/2021,MIN @ GSW,L,14,5,1,5,1,4,2,4,1,1,2,1,0,0,2,5,1
Malik Beasley,MIN,01/27/2021,MIN @ GSW,L,30,25,7,18,4,9,7,8,0,5,5,1,1,0,1,1,-14
Anthony Edwards,MIN,01/27/2021,MIN @ GSW,L,32,25,9,19,5,8,2,2,1,3,4,2,3,0,3,1,-2
Ashton Hagans,MIN,01/27/2021,MIN @ GSW,L,2,0,0,0,0,0,0,0,0,0,0,0,0,0,0,0,0
Josh Okogie,MIN,01/27/2021,MIN @ GSW,L,17,3,1,7,0,4,1,2,1,0,1,0,1,0,0,2,-17
Jaylen Nowell,MIN,01/27/2021,MIN @ GSW,L,16,12,3,7,2,6,4,4,0,2,2,3,0,0,1,1,6
Ed Davis,MIN,01/27/2021,MIN @ GSW,L,9,0,0,0,0,0,0,0,0,3,3,1,0,0,1,2,6
Jordan McLaughlin,MIN,01/27/2021,MIN @ GSW,L,26,6,3,5,0,0,0,0,1,2,3,5,0,0,1,3,3
Anthony Edwards,MIN,01/29/2021,MIN vs. PHI,L,29,15,5,13,3,7,2,2,0,4,4,3,0,0,1,2,-25
Jordan McLaughlin,MIN,01/29/2021,MIN vs. PHI,L,4,0,0,1,0,0,0,0,1,0,1,1,0,0,0,0,2
Jake Layman,MIN,01/29/2021,MIN vs. PHI,L,21,6,2,4,2,3,0,0,1,3,4,0,0,1,0,1,5
Jaden McDaniels,MIN,01/29/2021,MIN vs. PHI,L,24,6,3,8,0,2,0,0,0,7,7,0,0,1,0,5,-13
Jarred Vanderbilt,MIN,01/29/2021,MIN vs. PHI,L,24,11,5,5,0,0,1,4,0,5,5,2,1,1,3,3,0
Ricky Rubio,MIN,01/29/2021,MIN vs. PHI,L,18,4,2,6,0,0,0,0,0,2,2,4,1,0,4,3,-5
Malik Beasley,MIN,01/29/2021,MIN vs. PHI,L,30,22,9,19,3,9,1,1,1,4,5,2,0,0,3,3,-25
Ed Davis,MIN,01/29/2021,MIN vs. PHI,L,23,2,1,3,0,0,0,0,1,7,8,1,0,0,1,5,-21
D'Angelo Russell,MIN,01/29/2021,MIN vs. PHI,L,25,14,3,11,1,7,7,7,0,0,0,4,1,0,2,2,-21
Josh Okogie,MIN,01/29/2021,MIN vs. PHI,L,18,4,2,3,0,0,0,0,0,1,1,2,0,0,1,1,-10
Jaylen Nowell,MIN,01/29/2021,MIN vs. PHI,L,23,10,3,9,1,5,3,4,0,1,1,1,0,1,3,4,-7
Jake Layman,MIN,01/31/2021,MIN vs. CLE,W,20,8,4,7,0,2,0,0,1,1,2,0,0,1,0,0,7
Ricky Rubio,MIN,01/31/2021,MIN vs. CLE,W,20,8,2,4,0,0,4,4,0,3,3,8,1,0,1,1,2
Anthony Edwards,MIN,01/31/2021,MIN vs. CLE,W,30,23,9,15,4,7,1,1,0,5,5,4,1,1,0,2,0
Ed Davis,MIN,01/31/2021,MIN vs. CLE,W,23,0,0,2,0,0,0,0,1,4,5,1,3,3,0,6,16
Jarred Vanderbilt,MIN,01/31/2021,MIN vs. CLE,W,25,7,3,6,0,0,1,2,3,5,8,0,1,1,3,3,-11
Jaden McDaniels,MIN,01/31/2021,MIN vs. CLE,W,20,3,1,3,1,2,0,0,0,3,3,1,1,3,0,4,5
Malik Beasley,MIN,01/31/2021,MIN vs. CLE,W,28,23,9,17,5,11,0,2,0,3,3,2,1,0,1,2,-2
Josh Okogie,MIN,01/31/2021,MIN vs. CLE,W,23,5,0,6,0,2,5,6,1,3,4,2,1,2,0,2,4
D'Angelo Russell,MIN,01/31/2021,MIN vs. CLE,W,31,19,7,18,5,10,0,0,1,0,1,5,0,0,2,2,1
Jaylen Nowell,MIN,01/31/2021,MIN vs. CLE,W,19,13,6,13,1,6,0,0,0,0,0,1,1,0,1,3,3
Jaden McDaniels,MIN,02/01/2021,MIN @ CLE,L,22,11,5,10,1,4,0,0,2,2,4,0,0,0,2,3,2
Anthony Edwards,MIN,02/01/2021,MIN @ CLE,L,31,13,5,12,2,5,1,1,0,3,3,2,1,0,0,2,-3
Jaylen Nowell,MIN,02/01/2021,MIN @ CLE,L,17,12,5,13,1,3,1,2,3,1,4,1,0,0,0,2,2
Josh Okogie,MIN,02/01/2021,MIN @ CLE,L,22,3,1,6,1,4,0,0,2,0,2,2,1,0,0,0,-12
Ricky Rubio,MIN,02/01/2021,MIN @ CLE,L,19,2,1,4,0,1,0,0,0,5,5,4,0,0,1,2,0
Jarred Vanderbilt,MIN,02/01/2021,MIN @ CLE,L,19,4,1,4,0,0,2,4,0,9,9,4,0,0,1,2,8
D'Angelo Russell,MIN,02/01/2021,MIN @ CLE,L,29,18,7,19,3,9,1,2,0,2,2,4,1,0,0,1,-4
Ed Davis,MIN,02/01/2021,MIN @ CLE,L,20,8,3,5,0,0,2,2,2,3,5,0,0,1,0,2,-7
Malik Beasley,MIN,02/01/2021,MIN @ CLE,L,33,10,5,14,0,6,0,0,4,3,7,3,1,0,4,2,-11
Jake Layman,MIN,02/01/2021,MIN @ CLE,L,14,5,2,4,1,3,0,0,0,1,1,0,0,0,0,0,10
Naz Reid,MIN,02/01/2021,MIN @ CLE,L,13,12,5,11,2,3,0,0,2,1,3,0,0,0,0,5,5
Jaden McDaniels,MIN,02/03/2021,MIN @ SAS,L,18,3,1,2,1,1,0,0,0,1,1,2,0,1,0,3,-3
Jaylen Nowell,MIN,02/03/2021,MIN @ SAS,L,16,10,3,9,2,3,2,2,1,0,1,0,1,0,0,0,2
D'Angelo Russell,MIN,02/03/2021,MIN @ SAS,L,31,20,8,20,1,7,3,4,0,2,2,5,0,3,0,1,-4
Jake Layman,MIN,02/03/2021,MIN @ SAS,L,11,11,4,8,1,4,2,2,0,0,0,0,1,1,2,2,4
Anthony Edwards,MIN,02/03/2021,MIN @ SAS,L,32,14,6,14,1,3,1,2,0,6,6,2,0,1,0,1,-5
Malik Beasley,MIN,02/03/2021,MIN @ SAS,L,32,29,12,18,4,8,1,1,1,5,6,1,1,0,0,2,-5
Naz Reid,MIN,02/03/2021,MIN @ SAS,L,32,8,3,7,2,3,0,0,2,9,11,3,2,0,1,4,-5
Josh Okogie,MIN,02/03/2021,MIN @ SAS,L,24,3,1,4,1,3,0,0,1,3,4,0,0,2,3,4,5
Ricky Rubio,MIN,02/03/2021,MIN @ SAS,L,28,8,4,10,0,1,0,0,0,7,7,7,1,0,2,2,-6
Jarred Vanderbilt,MIN,02/03/2021,MIN @ SAS,L,16,2,1,2,0,0,0,0,4,7,11,2,0,1,2,2,2
D'Angelo Russell,MIN,02/05/2021,MIN @ OKC,W,31,21,7,13,5,8,2,2,0,4,4,6,1,0,5,3,-1
Naz Reid,MIN,02/05/2021,MIN @ OKC,W,28,17,8,12,0,1,1,2,3,6,9,1,0,1,0,4,-8
Josh Okogie,MIN,02/05/2021,MIN @ OKC,W,9,0,0,3,0,0,0,0,0,1,1,1,2,1,1,0,-6
Jake Layman,MIN,02/05/2021,MIN @ OKC,W,18,10,4,9,2,3,0,0,0,2,2,0,1,0,0,0,7
Ricky Rubio,MIN,02/05/2021,MIN @ OKC,W,24,3,1,4,0,1,1,1,0,4,4,8,3,0,4,1,2
Jarred Vanderbilt,MIN,02/05/2021,MIN @ OKC,W,21,8,3,4,0,0,2,2,5,4,9,2,1,0,1,0,9
Anthony Edwards,MIN,02/05/2021,MIN @ OKC,W,32,9,3,14,1,7,2,2,0,2,2,5,0,1,2,1,-6
Malik Beasley,MIN,02/05/2021,MIN @ OKC,W,32,24,9,19,6,12,0,0,1,4,5,3,1,0,2,3,-18
Jaden McDaniels,MIN,02/05/2021,MIN @ OKC,W,29,0,0,4,0,3,0,0,0,5,5,1,1,1,0,2,20
Jaylen Nowell,MIN,02/05/2021,MIN @ OKC,W,16,14,6,12,2,5,0,0,1,1,2,0,0,0,0,1,16
Naz Reid,MIN,02/06/2021,MIN @ OKC,L,27,29,12,21,1,4,4,6,4,2,6,0,2,0,3,3,-4
Ed Davis,MIN,02/06/2021,MIN @ OKC,L,3,0,0,0,0,0,0,0,0,1,1,1,0,0,0,0,1
Josh Okogie,MIN,02/06/2021,MIN @ OKC,L,9,0,0,2,0,1,0,2,1,0,1,0,0,0,0,0,-10
Jordan McLaughlin,MIN,02/06/2021,MIN @ OKC,L,24,3,1,6,0,1,1,2,1,0,1,6,1,1,1,2,2
Jaden McDaniels,MIN,02/06/2021,MIN @ OKC,L,24,8,3,5,1,3,1,2,2,4,6,2,1,0,3,2,6
Jaylen Nowell,MIN,02/06/2021,MIN @ OKC,L,22,15,6,8,3,5,0,0,0,2,2,0,0,0,1,1,2
Malik Beasley,MIN,02/06/2021,MIN @ OKC,L,34,17,7,19,3,11,0,1,4,2,6,5,1,0,2,0,-3
Anthony Edwards,MIN,02/06/2021,MIN @ OKC,L,31,20,8,16,2,5,2,4,0,8,8,4,1,1,0,1,2
Jake Layman,MIN,02/06/2021,MIN @ OKC,L,23,16,6,9,2,5,2,3,1,1,2,1,5,0,0,0,-8
Jarred Vanderbilt,MIN,02/06/2021,MIN @ OKC,L,18,2,1,1,0,0,0,0,0,4,4,2,0,1,0,3,6
Ricky Rubio,MIN,02/06/2021,MIN @ OKC,L,24,8,3,6,0,1,2,2,0,3,3,6,1,0,3,3,-4
Anthony Edwards,MIN,02/08/2021,MIN @ DAL,L,31,22,8,19,3,8,3,4,0,2,2,4,2,2,1,2,-13
Ricky Rubio,MIN,02/08/2021,MIN @ DAL,L,34,9,3,9,2,5,1,2,0,4,4,7,4,0,1,4,10
Naz Reid,MIN,02/08/2021,MIN @ DAL,L,21,6,3,12,0,4,0,0,0,2,2,2,1,0,1,5,5
Jarred Vanderbilt,MIN,02/08/2021,MIN @ DAL,L,22,5,2,5,0,1,1,2,1,3,4,3,0,0,0,4,-7
Juancho Hernangomez,MIN,02/08/2021,MIN @ DAL,L,9,5,1,3,1,2,2,4,3,1,4,1,0,0,1,1,8
Ed Davis,MIN,02/08/2021,MIN @ DAL,L,5,2,1,1,0,0,0,0,2,0,2,1,0,0,1,1,-3
Malik Beasley,MIN,02/08/2021,MIN @ DAL,L,34,30,10,21,6,12,4,6,1,8,9,6,1,1,0,0,8
Jaylen Nowell,MIN,02/08/2021,MIN @ DAL,L,21,18,6,9,1,2,5,6,0,5,5,1,1,1,1,1,-13
D'Angelo Russell,MIN,02/08/2021,MIN @ DAL,L,6,6,2,2,2,2,0,0,0,1,1,0,0,0,0,0,-3
Josh Okogie,MIN,02/08/2021,MIN @ DAL,L,26,11,3,3,1,1,4,4,0,2,2,1,0,1,0,4,20
Jaden McDaniels,MIN,02/08/2021,MIN @ DAL,L,20,6,2,3,2,3,0,0,0,5,5,1,0,0,2,3,-22
Jake Layman,MIN,02/08/2021,MIN @ DAL,L,12,2,1,4,0,2,0,0,0,1,1,0,0,0,1,2,-15
Anthony Edwards,MIN,02/10/2021,MIN vs. LAC,L,30,11,4,9,1,5,2,2,2,2,4,2,1,0,3,1,1
Karl-Anthony Towns,MIN,02/10/2021,MIN vs. LAC,L,31,18,8,15,2,7,0,0,2,8,10,3,1,0,3,3,-6
Ricky Rubio,MIN,02/10/2021,MIN vs. LAC,L,29,5,2,4,1,2,0,0,1,3,4,10,2,0,3,5,-2
Jaden McDaniels,MIN,02/10/2021,MIN vs. LAC,L,18,10,4,7,2,5,0,0,1,2,3,3,0,4,1,2,3
Malik Beasley,MIN,02/10/2021,MIN vs. LAC,L,34,21,5,15,4,11,7,7,2,3,5,2,1,0,2,5,-5
Josh Okogie,MIN,02/10/2021,MIN vs. LAC,L,26,10,4,14,1,4,1,3,4,2,6,1,2,0,0,1,-14
Jarred Vanderbilt,MIN,02/10/2021,MIN vs. LAC,L,16,3,1,2,0,0,1,2,1,1,2,2,0,1,1,2,1
Jaylen Nowell,MIN,02/10/2021,MIN vs. LAC,L,18,9,3,10,2,3,1,1,0,2,2,0,0,1,1,2,-2
Naz Reid,MIN,02/10/2021,MIN vs. LAC,L,20,23,9,13,2,3,3,4,2,1,3,0,1,2,0,2,-6
Jordan McLaughlin,MIN,02/10/2021,MIN vs. LAC,L,19,2,1,6,0,1,0,0,1,3,4,6,0,0,1,1,-5
Anthony Edwards,MIN,02/12/2021,MIN @ CHA,L,34,21,9,21,2,6,1,1,0,6,6,3,0,0,0,2,-4
Josh Okogie,MIN,02/12/2021,MIN @ CHA,L,22,6,2,4,0,2,2,2,2,2,4,0,1,1,0,0,-7
Jordan McLaughlin,MIN,02/12/2021,MIN @ CHA,L,22,6,3,6,0,1,0,0,0,0,0,7,4,0,2,1,-5
Jarred Vanderbilt,MIN,02/12/2021,MIN @ CHA,L,7,2,1,1,0,0,0,2,1,1,2,0,1,0,1,0,-10
Ricky Rubio,MIN,02/12/2021,MIN @ CHA,L,28,5,2,8,0,3,1,1,1,3,4,9,0,0,2,5,0
Naz Reid,MIN,02/12/2021,MIN @ CHA,L,16,7,3,7,0,0,1,2,1,4,5,4,0,0,0,1,-3
Karl-Anthony Towns,MIN,02/12/2021,MIN @ CHA,L,32,25,9,18,5,8,2,2,2,6,8,2,2,1,1,2,-3
Malik Beasley,MIN,02/12/2021,MIN @ CHA,L,37,31,12,21,7,13,0,0,1,4,5,1,1,0,1,3,2
Jaden McDaniels,MIN,02/12/2021,MIN @ CHA,L,24,9,3,7,2,4,1,2,1,3,4,1,1,2,1,3,3
Jaylen Nowell,MIN,02/12/2021,MIN @ CHA,L,18,2,1,6,0,4,0,2,0,2,2,1,0,0,0,1,-3
Ricky Rubio,MIN,02/14/2021,MIN @ TOR,W,30,16,6,13,4,8,0,0,0,1,1,5,0,0,0,2,9
Jordan McLaughlin,MIN,02/14/2021,MIN @ TOR,W,19,6,2,4,0,0,2,2,0,3,3,4,2,1,2,1,-6
Josh Okogie,MIN,02/14/2021,MIN @ TOR,W,7,0,0,3,0,2,0,0,1,0,1,0,0,0,1,1,-3
Juancho Hernangomez,MIN,02/14/2021,MIN @ TOR,W,10,5,2,4,1,3,0,0,0,3,3,0,0,0,1,1,-6
Anthony Edwards,MIN,02/14/2021,MIN @ TOR,W,35,18,7,15,1,7,3,4,0,7,7,3,1,0,2,1,14
Malik Beasley,MIN,02/14/2021,MIN @ TOR,W,37,20,7,13,6,10,0,0,0,3,3,6,1,0,3,0,-2
Karl-Anthony Towns,MIN,02/14/2021,MIN @ TOR,W,33,20,8,11,2,3,2,4,3,8,11,3,1,3,7,6,8
Jarred Vanderbilt,MIN,02/14/2021,MIN @ TOR,W,23,12,4,5,0,0,4,4,1,6,7,2,0,2,0,5,-2
Naz Reid,MIN,02/14/2021,MIN @ TOR,W,14,2,1,5,0,1,0,0,0,2,2,1,0,0,1,3,-6
Jaden McDaniels,MIN,02/14/2021,MIN @ TOR,W,18,6,2,3,1,2,1,2,0,2,2,2,0,1,1,1,11
Jaylen Nowell,MIN,02/14/2021,MIN @ TOR,W,14,11,4,6,1,3,2,3,0,0,0,2,1,1,0,5,3
Karl-Anthony Towns,MIN,02/16/2021,MIN vs. LAL,L,33,15,7,10,1,1,0,0,1,5,6,4,1,0,2,4,2
Ricky Rubio,MIN,02/16/2021,MIN vs. LAL,L,29,13,5,12,1,3,2,4,2,2,4,8,0,0,2,3,2
Jordan McLaughlin,MIN,02/16/2021,MIN vs. LAL,L,20,13,5,12,3,5,0,0,0,2,2,4,2,0,2,0,-15
Jaylen Nowell,MIN,02/16/2021,MIN vs. LAL,L,10,2,0,5,0,1,2,2,1,1,2,1,1,0,0,1,-1
Jaden McDaniels,MIN,02/16/2021,MIN vs. LAL,L,18,0,0,2,0,1,0,0,0,1,1,0,1,2,1,3,-9
Malik Beasley,MIN,02/16/2021,MIN vs. LAL,L,36,11,4,15,3,9,0,0,0,2,2,1,1,0,4,4,0
Anthony Edwards,MIN,02/16/2021,MIN vs. LAL,L,34,28,10,21,5,10,3,4,0,7,7,5,1,2,3,2,0
Naz Reid,MIN,02/16/2021,MIN vs. LAL,L,15,10,4,7,1,2,1,1,0,1,1,1,1,0,0,3,-10
Josh Okogie,MIN,02/16/2021,MIN vs. LAL,L,16,8,2,3,2,2,2,2,0,0,0,1,1,0,0,3,-8
Jarred Vanderbilt,MIN,02/16/2021,MIN vs. LAL,L,29,4,2,6,0,0,0,0,7,6,13,1,2,0,1,4,-1
Josh Okogie,MIN,02/17/2021,MIN vs. IND,L,15,2,0,2,0,1,2,2,2,1,3,2,1,0,1,1,9
Jordan McLaughlin,MIN,02/17/2021,MIN vs. IND,L,18,0,0,5,0,0,0,0,1,3,4,7,2,0,1,1,4
Jaden McDaniels,MIN,02/17/2021,MIN vs. IND,L,37,11,4,10,3,6,0,0,0,4,4,1,0,3,1,2,0
Karl-Anthony Towns,MIN,02/17/2021,MIN vs. IND,L,37,30,8,19,2,7,12,12,4,6,10,1,2,2,2,4,-18
Anthony Edwards,MIN,02/17/2021,MIN vs. IND,L,39,8,3,15,0,4,2,2,0,5,5,4,0,0,1,0,-23
Naz Reid,MIN,02/17/2021,MIN vs. IND,L,18,18,8,14,2,3,0,1,2,7,9,3,1,3,1,2,4
Ricky Rubio,MIN,02/17/2021,MIN vs. IND,L,35,20,6,13,3,6,5,5,0,3,3,13,1,0,1,1,-10
Jarred Vanderbilt,MIN,02/17/2021,MIN vs. IND,L,19,2,1,2,0,0,0,0,2,2,4,1,2,0,0,3,-3
Jaylen Nowell,MIN,02/17/2021,MIN vs. IND,L,6,6,2,2,0,0,2,2,0,0,0,2,0,0,0,3,2
Malik Beasley,MIN,02/17/2021,MIN vs. IND,L,41,31,13,25,5,13,0,1,0,2,2,3,3,0,3,3,5
Naz Reid,MIN,02/19/2021,MIN vs. TOR,L,18,4,2,8,0,3,0,0,0,4,4,2,0,1,0,4,1
Josh Okogie,MIN,02/19/2021,MIN vs. TOR,L,7,0,0,3,0,2,0,0,0,1,1,0,1,0,0,2,-2
Jarred Vanderbilt,MIN,02/19/2021,MIN vs. TOR,L,17,4,2,4,0,0,0,0,0,3,3,1,0,1,1,2,-4
Anthony Edwards,MIN,02/19/2021,MIN vs. TOR,L,34,7,3,14,0,7,1,2,0,3,3,4,2,1,1,0,-13
Jaylen Nowell,MIN,02/19/2021,MIN vs. TOR,L,8,0,0,2,0,1,0,0,0,0,0,0,0,0,0,1,-7
Ricky Rubio,MIN,02/19/2021,MIN vs. TOR,L,26,7,2,6,1,4,2,3,0,3,3,4,1,0,3,2,-2
Jordan McLaughlin,MIN,02/19/2021,MIN vs. TOR,L,22,11,5,8,0,2,1,1,0,2,2,7,1,0,0,1,-3
Jake Layman,MIN,02/19/2021,MIN vs. TOR,L,13,8,3,4,2,2,0,0,0,3,3,0,1,1,1,3,14
Malik Beasley,MIN,02/19/2021,MIN vs. TOR,L,33,13,5,16,3,9,0,0,1,4,5,1,0,1,1,0,-2
Jaden McDaniels,MIN,02/19/2021,MIN vs. TOR,L,31,8,2,5,2,5,2,3,1,5,6,1,0,2,1,4,-1
Karl-Anthony Towns,MIN,02/19/2021,MIN vs. TOR,L,31,19,8,13,1,3,2,2,4,9,13,4,0,2,5,4,-6
Jaden McDaniels,MIN,02/21/2021,MIN @ NYK,L,22,6,2,7,1,3,1,1,1,3,4,0,0,0,1,3,3
Jarred Vanderbilt,MIN,02/21/2021,MIN @ NYK,L,16,2,1,2,0,0,0,0,1,1,2,1,1,0,2,3,-10
Malik Beasley,MIN,02/21/2021,MIN @ NYK,L,38,6,2,6,2,4,0,0,0,4,4,2,1,0,1,1,5
Jordan McLaughlin,MIN,02/21/2021,MIN @ NYK,L,21,8,3,9,2,3,0,0,1,3,4,6,0,0,1,3,5
Jaylen Nowell,MIN,02/21/2021,MIN @ NYK,L,11,0,0,6,0,2,0,0,0,0,0,0,1,0,0,1,-11
Anthony Edwards,MIN,02/21/2021,MIN @ NYK,L,32,12,3,11,3,6,3,4,0,3,3,4,0,0,3,2,-6
Naz Reid,MIN,02/21/2021,MIN @ NYK,L,17,11,3,4,0,1,5,6,1,6,7,0,0,0,0,1,-5
Karl-Anthony Towns,MIN,02/21/2021,MIN @ NYK,L,31,27,9,18,3,7,6,6,2,13,15,4,1,3,3,5,1
Jake Layman,MIN,02/21/2021,MIN @ NYK,L,7,0,0,1,0,0,0,0,0,1,1,1,0,0,2,0,3
Ricky Rubio,MIN,02/21/2021,MIN @ NYK,L,27,18,7,12,3,5,1,3,0,0,0,6,1,0,1,2,-9
Juancho Hernangomez,MIN,02/21/2021,MIN @ NYK,L,11,7,2,3,2,3,1,1,0,1,1,0,0,0,0,1,3
Josh Okogie,MIN,02/21/2021,MIN @ NYK,L,8,2,1,3,0,1,0,0,1,1,2,0,1,0,1,2,1
Jordan McLaughlin,MIN,02/23/2021,MIN @ MIL,L,25,9,3,9,3,7,0,0,0,3,3,6,0,0,1,0,-20
Anthony Edwards,MIN,02/23/2021,MIN @ MIL,L,28,9,3,13,3,8,0,0,0,6,6,3,0,2,4,1,-10
Jarred Vanderbilt,MIN,02/23/2021,MIN @ MIL,L,11,2,1,2,0,0,0,0,1,4,5,0,0,0,0,2,1
Malik Beasley,MIN,02/23/2021,MIN @ MIL,L,34,26,10,16,6,9,0,0,0,1,1,4,1,0,2,0,-9
Naz Reid,MIN,02/23/2021,MIN @ MIL,L,15,5,2,7,1,6,0,0,0,7,7,1,0,1,1,0,-25
Jake Layman,MIN,02/23/2021,MIN @ MIL,L,3,2,1,3,0,2,0,0,0,0,0,0,0,0,0,0,-7
Jaden McDaniels,MIN,02/23/2021,MIN @ MIL,L,22,4,1,4,0,2,2,2,0,1,1,2,1,2,0,4,-14
Ricky Rubio,MIN,02/23/2021,MIN @ MIL,L,23,12,4,8,2,4,2,2,0,4,4,4,0,0,1,5,-7
Karl-Anthony Towns,MIN,02/23/2021,MIN @ MIL,L,36,26,10,19,1,6,5,5,3,5,8,11,1,0,3,2,-7
Jaylen Nowell,MIN,02/23/2021,MIN @ MIL,L,22,13,5,10,3,6,0,0,2,2,4,1,1,0,1,2,-17
Juancho Hernangomez,MIN,02/23/2021,MIN @ MIL,L,9,2,1,5,0,4,0,0,0,3,3,2,0,0,0,0,-1
Josh Okogie,MIN,02/23/2021,MIN @ MIL,L,12,2,1,2,0,0,0,0,1,0,1,1,0,0,1,0,-19
Jordan McLaughlin,MIN,02/24/2021,MIN @ CHI,L,20,0,0,3,0,1,0,0,0,1,1,4,0,0,1,1,-8
Jaden McDaniels,MIN,02/24/2021,MIN @ CHI,L,16,2,1,2,0,1,0,0,1,2,3,1,0,0,1,1,-12
Malik Beasley,MIN,02/24/2021,MIN @ CHI,L,37,25,9,20,5,13,2,2,0,2,2,1,0,0,2,3,5
Josh Okogie,MIN,02/24/2021,MIN @ CHI,L,16,4,2,4,0,1,0,0,1,3,4,0,2,0,1,3,-12
Anthony Edwards,MIN,02/24/2021,MIN @ CHI,L,37,21,7,20,3,9,4,4,3,6,9,6,2,0,3,2,5
Naz Reid,MIN,02/24/2021,MIN @ CHI,L,22,13,6,14,1,4,0,0,0,4,4,0,1,3,4,4,-17
Ricky Rubio,MIN,02/24/2021,MIN @ CHI,L,33,9,2,6,0,1,5,5,1,0,1,10,0,0,0,2,1
Jaylen Nowell,MIN,02/24/2021,MIN @ CHI,L,19,12,5,10,1,4,1,1,0,3,3,0,0,0,0,0,-7
Jarred Vanderbilt,MIN,02/24/2021,MIN @ CHI,L,34,16,5,5,0,0,6,7,3,3,6,1,4,0,1,2,-2
Karl-Anthony Towns,MIN,02/24/2021,MIN @ CHI,L,31,24,10,20,2,4,2,2,4,4,8,5,2,1,4,6,12
Josh Okogie,MIN,02/27/2021,MIN @ WAS,L,29,12,5,7,2,3,0,1,0,3,3,2,1,0,1,5,0
Naz Reid,MIN,02/27/2021,MIN @ WAS,L,18,17,8,12,0,3,1,2,0,1,1,3,1,1,1,4,-5
Anthony Edwards,MIN,02/27/2021,MIN @ WAS,L,32,21,9,22,3,11,0,2,2,4,6,0,1,2,1,2,2
Jaden McDaniels,MIN,02/27/2021,MIN @ WAS,L,15,0,0,3,0,3,0,0,0,3,3,1,0,1,1,1,-18
Jaylen Nowell,MIN,02/27/2021,MIN @ WAS,L,26,15,5,9,3,4,2,2,0,5,5,4,1,0,0,4,-15
Jarrett Culver,MIN,02/27/2021,MIN @ WAS,L,14,3,1,6,0,1,1,2,3,2,5,0,0,1,1,0,-20
Jarred Vanderbilt,MIN,02/27/2021,MIN @ WAS,L,23,11,4,7,0,0,3,5,4,8,12,2,0,2,3,2,-1
Jordan McLaughlin,MIN,02/27/2021,MIN @ WAS,L,23,2,1,4,0,2,0,0,0,0,0,3,2,0,2,3,-8
Juancho Hernangomez,MIN,02/27/2021,MIN @ WAS,L,3,2,0,2,0,1,2,2,0,2,2,0,1,0,1,0,-1
Karl-Anthony Towns,MIN,02/27/2021,MIN @ WAS,L,32,23,7,19,2,6,7,9,2,9,11,5,0,3,5,5,-6
Ricky Rubio,MIN,02/27/2021,MIN @ WAS,L,25,6,1,4,1,1,3,4,1,1,2,3,2,0,2,3,-8
Josh Okogie,MIN,02/28/2021,MIN vs. PHX,L,18,2,0,5,0,2,2,2,1,2,3,0,0,0,1,3,-12
Ricky Rubio,MIN,02/28/2021,MIN vs. PHX,L,25,6,2,8,0,3,2,2,0,2,2,6,3,0,2,2,-12
Jake Layman,MIN,02/28/2021,MIN vs. PHX,L,30,11,5,8,1,3,0,0,1,3,4,4,0,1,3,1,-9
Jaylen Nowell,MIN,02/28/2021,MIN vs. PHX,L,21,6,1,8,0,2,4,4,0,3,3,1,1,0,1,2,-9
Anthony Edwards,MIN,02/28/2021,MIN vs. PHX,L,35,24,8,22,2,8,6,6,0,5,5,1,3,0,4,3,-15
Jarred Vanderbilt,MIN,02/28/2021,MIN vs. PHX,L,15,2,1,2,0,0,0,0,3,2,5,0,1,1,2,0,-8
Karl-Anthony Towns,MIN,02/28/2021,MIN vs. PHX,L,33,21,7,16,2,7,5,6,2,8,10,1,1,1,2,4,-6
Jaden McDaniels,MIN,02/28/2021,MIN vs. PHX,L,9,5,2,3,1,2,0,0,0,0,0,0,1,0,0,0,-2
Jarrett Culver,MIN,02/28/2021,MIN vs. PHX,L,9,0,0,3,0,2,0,0,0,2,2,1,1,0,0,0,-6
Jordan McLaughlin,MIN,02/28/2021,MIN vs. PHX,L,23,6,2,7,2,4,0,0,2,2,4,4,1,0,0,1,-7
Juancho Hernangomez,MIN,02/28/2021,MIN vs. PHX,L,7,7,3,5,0,1,1,2,0,4,4,1,0,0,0,1,0
Naz Reid,MIN,02/28/2021,MIN vs. PHX,L,13,9,4,6,0,1,1,2,1,1,2,2,0,1,0,5,-9
Anthony Edwards,MIN,03/03/2021,MIN vs. CHA,L,33,19,8,23,1,10,2,2,3,2,5,3,2,0,4,2,-24
Jarrett Culver,MIN,03/03/2021,MIN vs. CHA,L,14,4,2,8,0,1,0,0,2,1,3,0,0,0,1,2,-5
Jarred Vanderbilt,MIN,03/03/2021,MIN vs. CHA,L,18,6,3,4,0,0,0,0,0,0,0,0,2,0,1,2,-7
Ricky Rubio,MIN,03/03/2021,MIN vs. CHA,L,24,20,7,11,4,6,2,2,1,3,4,9,1,0,5,1,-10
Jordan McLaughlin,MIN,03/03/2021,MIN vs. CHA,L,24,4,2,7,0,3,0,0,1,3,4,4,3,1,1,2,-23
Jake Layman,MIN,03/03/2021,MIN vs. CHA,L,26,14,5,7,1,3,3,4,1,0,1,1,2,0,1,0,-21
Jaden McDaniels,MIN,03/03/2021,MIN vs. CHA,L,30,5,2,7,0,4,1,2,0,7,7,2,0,0,0,0,-26
Jaylen Nowell,MIN,03/03/2021,MIN vs. CHA,L,23,7,2,9,1,5,2,2,0,1,1,3,0,0,1,3,-16
Karl-Anthony Towns,MIN,03/03/2021,MIN vs. CHA,L,32,16,6,14,1,5,3,4,3,12,15,3,0,0,4,4,-27
Naz Reid,MIN,03/03/2021,MIN vs. CHA,L,16,7,2,6,1,3,2,2,1,4,5,0,1,1,1,2,-6
Jaden McDaniels,MIN,03/11/2021,MIN @ NOP,W,26,20,8,9,4,5,0,1,2,2,4,1,2,3,0,4,18
Anthony Edwards,MIN,03/11/2021,MIN @ NOP,W,37,27,10,22,2,5,5,6,0,4,4,2,3,0,3,3,10
Naz Reid,MIN,03/11/2021,MIN @ NOP,W,24,15,7,9,1,3,0,0,0,4,4,1,2,2,0,4,15
Jaylen Nowell,MIN,03/11/2021,MIN @ NOP,W,28,28,11,13,6,7,0,0,0,5,5,6,1,1,2,1,18
Jarred Vanderbilt,MIN,03/11/2021,MIN @ NOP,W,17,2,1,4,0,0,0,0,2,4,6,4,0,0,0,2,5
Josh Okogie,MIN,03/11/2021,MIN @ NOP,W,23,4,0,3,0,2,4,4,1,3,4,4,1,0,1,2,24
Ricky Rubio,MIN,03/11/2021,MIN @ NOP,W,27,6,1,6,0,2,4,4,1,0,1,8,2,1,2,0,10
Karl-Anthony Towns,MIN,03/11/2021,MIN @ NOP,W,29,16,7,19,2,10,0,0,1,6,7,1,0,2,3,3,16
Jake Layman,MIN,03/11/2021,MIN @ NOP,W,23,12,4,7,3,5,1,1,0,2,2,0,0,1,0,1,11
Juancho Hernangomez,MIN,03/11/2021,MIN @ NOP,W,6,5,2,3,1,1,0,0,0,1,1,1,0,0,0,0,3
Jaylen Nowell,MIN,03/13/2021,MIN vs. POR,L,28,17,7,14,3,6,0,0,2,3,5,1,0,0,3,3,0
Anthony Edwards,MIN,03/13/2021,MIN vs. POR,L,29,21,8,18,3,7,2,4,0,8,8,3,1,0,3,4,-6
Jake Layman,MIN,03/13/2021,MIN vs. POR,L,28,3,1,5,0,4,1,2,3,2,5,3,1,0,2,2,-2
Karl-Anthony Towns,MIN,03/13/2021,MIN vs. POR,L,34,34,12,21,2,4,8,8,4,6,10,4,1,2,2,4,-3
Ricky Rubio,MIN,03/13/2021,MIN vs. POR,L,33,10,3,4,0,1,4,5,0,4,4,8,2,0,3,3,-4
Naz Reid,MIN,03/13/2021,MIN vs. POR,L,14,11,4,9,0,1,3,4,2,2,4,1,0,2,0,1,-1
Josh Okogie,MIN,03/13/2021,MIN vs. POR,L,15,7,2,4,0,0,3,3,1,0,1,2,0,0,0,2,-3
Jaden McDaniels,MIN,03/13/2021,MIN vs. POR,L,21,5,2,2,1,1,0,0,0,2,2,1,0,0,1,3,-2
Jarred Vanderbilt,MIN,03/13/2021,MIN vs. POR,L,13,3,1,1,0,0,1,2,3,6,9,0,0,3,4,0,1
Juancho Hernangomez,MIN,03/13/2021,MIN vs. POR,L,24,10,4,8,1,2,1,3,4,4,8,0,0,0,0,2,0
Naz Reid,MIN,03/14/2021,MIN vs. POR,W,19,6,3,4,0,0,0,4,2,2,4,0,0,0,0,1,7
Jaylen Nowell,MIN,03/14/2021,MIN vs. POR,W,25,14,4,9,4,8,2,2,1,3,4,2,1,0,0,2,-1
Josh Okogie,MIN,03/14/2021,MIN vs. POR,W,24,10,0,2,0,1,10,11,2,3,5,3,1,0,0,3,-9
Juancho Hernangomez,MIN,03/14/2021,MIN vs. POR,W,23,5,2,6,0,4,1,1,0,4,4,1,0,0,0,2,-1
Karl-Anthony Towns,MIN,03/14/2021,MIN vs. POR,W,40,13,5,9,1,4,2,6,0,8,8,8,1,1,7,4,3
Anthony Edwards,MIN,03/14/2021,MIN vs. POR,W,37,34,12,24,6,14,4,4,0,4,4,2,1,0,2,3,-7
Jarred Vanderbilt,MIN,03/14/2021,MIN vs. POR,W,22,12,5,5,0,0,2,3,0,9,9,0,2,3,1,3,11
Jake Layman,MIN,03/14/2021,MIN vs. POR,W,21,5,2,4,1,2,0,0,0,2,2,1,0,0,1,1,10
Ricky Rubio,MIN,03/14/2021,MIN vs. POR,W,30,15,3,10,1,5,8,8,0,5,5,7,0,0,1,3,-3
Jake Layman,MIN,03/16/2021,MIN @ LAL,L,16,4,2,6,0,2,0,0,0,1,1,0,1,2,0,2,-4
Jarred Vanderbilt,MIN,03/16/2021,MIN @ LAL,L,20,8,2,4,0,0,4,4,1,4,5,0,0,0,1,3,7
Karl-Anthony Towns,MIN,03/16/2021,MIN @ LAL,L,35,29,10,19,2,8,7,9,1,5,6,7,1,2,4,4,-10
Anthony Edwards,MIN,03/16/2021,MIN @ LAL,L,38,29,11,22,3,7,4,6,2,2,4,1,1,0,2,1,-17
Ricky Rubio,MIN,03/16/2021,MIN @ LAL,L,28,19,8,11,2,5,1,3,0,2,2,12,3,0,1,2,-9
Jaylen Nowell,MIN,03/16/2021,MIN @ LAL,L,28,13,6,10,1,4,0,0,1,3,4,4,0,2,1,3,-10
Jaden McDaniels,MIN,03/16/2021,MIN @ LAL,L,23,5,2,3,1,2,0,0,0,2,2,0,2,0,0,1,-13
Josh Okogie,MIN,03/16/2021,MIN @ LAL,L,21,3,1,2,1,2,0,0,1,2,3,2,0,0,0,2,-13
Naz Reid,MIN,03/16/2021,MIN @ LAL,L,13,6,3,8,0,2,0,0,2,2,4,1,0,0,1,2,-6
Juancho Hernangomez,MIN,03/16/2021,MIN @ LAL,L,19,5,2,5,1,3,0,0,0,3,3,1,1,0,2,1,-5
Jake Layman,MIN,03/18/2021,MIN @ PHX,W,22,2,1,2,0,1,0,0,0,2,2,2,2,0,2,2,-2
Jarred Vanderbilt,MIN,03/18/2021,MIN @ PHX,W,8,0,0,1,0,0,0,0,0,2,2,0,0,1,2,0,-8
Karl-Anthony Towns,MIN,03/18/2021,MIN @ PHX,W,36,41,15,24,5,7,6,7,3,7,10,8,1,0,4,1,4
Anthony Edwards,MIN,03/18/2021,MIN @ PHX,W,38,42,15,31,4,13,8,13,3,4,7,3,2,0,2,2,9
Ricky Rubio,MIN,03/18/2021,MIN @ PHX,W,29,6,1,5,0,1,4,4,0,1,1,5,3,0,2,4,5
Jaden McDaniels,MIN,03/18/2021,MIN @ PHX,W,27,2,1,5,0,3,0,2,1,3,4,2,2,1,0,0,8
Josh Okogie,MIN,03/18/2021,MIN @ PHX,W,22,0,0,1,0,1,0,0,0,1,1,1,1,0,0,1,1
Jaylen Nowell,MIN,03/18/2021,MIN @ PHX,W,21,6,3,8,0,3,0,0,0,2,2,0,0,1,0,3,-2
Naz Reid,MIN,03/18/2021,MIN @ PHX,W,15,10,3,5,0,0,4,5,1,3,4,1,1,1,0,1,-2
Juancho Hernangomez,MIN,03/18/2021,MIN @ PHX,W,22,14,5,11,2,5,2,4,3,2,5,0,2,0,0,2,7
Josh Okogie,MIN,03/19/2021,MIN @ PHX,L,27,5,2,6,1,3,0,0,1,1,2,1,2,1,1,2,-15
Jaden McDaniels,MIN,03/19/2021,MIN @ PHX,L,28,8,4,11,0,4,0,0,0,5,5,0,1,0,0,2,11
Karl-Anthony Towns,MIN,03/19/2021,MIN @ PHX,L,36,24,9,12,3,4,3,4,0,9,9,1,0,1,5,4,-11
Anthony Edwards,MIN,03/19/2021,MIN @ PHX,L,36,11,4,18,3,8,0,0,2,8,10,6,1,1,7,2,-12
Ricky Rubio,MIN,03/19/2021,MIN @ PHX,L,33,21,7,10,3,6,4,5,1,4,5,10,0,0,0,0,-9
Jaylen Nowell,MIN,03/19/2021,MIN @ PHX,L,22,14,6,9,2,5,0,1,0,1,1,1,2,1,1,5,-16
Juancho Hernangomez,MIN,03/19/2021,MIN @ PHX,L,18,3,1,2,1,2,0,0,0,1,1,0,0,0,2,1,-20
Jake Layman,MIN,03/19/2021,MIN @ PHX,L,13,2,1,5,0,2,0,0,1,3,4,0,1,1,0,0,5
Naz Reid,MIN,03/19/2021,MIN @ PHX,L,12,8,1,2,0,0,6,6,0,2,2,1,0,1,2,1,-1
Jarrett Culver,MIN,03/19/2021,MIN @ PHX,L,10,5,2,4,0,1,1,2,0,0,0,1,1,0,1,2,3
Jarred Vanderbilt,MIN,03/19/2021,MIN @ PHX,L,5,0,0,0,0,0,0,0,0,0,0,1,0,0,0,0,5
Jake Layman,MIN,03/22/2021,MIN vs. OKC,L,17,6,3,7,0,2,0,0,2,4,6,2,0,0,0,0,-10
Jarred Vanderbilt,MIN,03/22/2021,MIN vs. OKC,L,16,0,0,0,0,0,0,0,1,3,4,1,2,1,0,1,-9
Karl-Anthony Towns,MIN,03/22/2021,MIN vs. OKC,L,38,33,10,28,5,12,8,10,2,8,10,1,2,1,1,1,0
Anthony Edwards,MIN,03/22/2021,MIN vs. OKC,L,32,16,6,16,2,7,2,4,1,1,2,3,1,0,2,1,-17
Ricky Rubio,MIN,03/22/2021,MIN vs. OKC,L,34,11,4,10,1,5,2,2,2,3,5,11,2,0,1,1,5
Jaden McDaniels,MIN,03/22/2021,MIN vs. OKC,L,15,2,1,5,0,1,0,0,1,0,1,1,0,1,1,3,-14
Jaylen Nowell,MIN,03/22/2021,MIN vs. OKC,L,28,14,6,12,2,5,0,0,0,1,1,3,0,1,1,2,-2
Josh Okogie,MIN,03/22/2021,MIN vs. OKC,L,21,7,3,5,1,2,0,0,1,2,3,0,4,0,2,5,13
Jarrett Culver,MIN,03/22/2021,MIN vs. OKC,L,8,0,0,1,0,1,0,0,0,1,1,0,0,0,0,2,-4
Juancho Hernangomez,MIN,03/22/2021,MIN vs. OKC,L,15,5,2,4,1,1,0,0,1,3,4,1,0,0,1,1,5
Naz Reid,MIN,03/22/2021,MIN vs. OKC,L,15,9,3,4,2,3,1,2,0,5,5,1,0,0,3,0,-12
Jaden McDaniels,MIN,03/24/2021,MIN vs. DAL,L,29,9,4,8,1,3,0,0,2,3,5,1,1,1,0,5,-11
Jarred Vanderbilt,MIN,03/24/2021,MIN vs. DAL,L,14,4,2,3,0,0,0,0,1,4,5,0,1,0,0,5,4
Karl-Anthony Towns,MIN,03/24/2021,MIN vs. DAL,L,34,22,8,20,4,9,2,2,2,3,5,6,0,0,2,3,-14
Anthony Edwards,MIN,03/24/2021,MIN vs. DAL,L,37,29,9,23,3,12,8,9,0,5,5,3,1,0,0,3,-7
Ricky Rubio,MIN,03/24/2021,MIN vs. DAL,L,30,3,1,7,1,5,0,0,1,1,2,7,1,0,3,3,-11
Jake Layman,MIN,03/24/2021,MIN vs. DAL,L,14,4,2,2,0,0,0,0,0,2,2,2,0,1,1,1,-12
Juancho Hernangomez,MIN,03/24/2021,MIN vs. DAL,L,35,17,5,9,2,5,5,7,0,5,5,1,0,0,1,1,-23
Jaylen Nowell,MIN,03/24/2021,MIN vs. DAL,L,25,11,4,8,0,2,3,3,0,2,2,4,1,0,1,2,-14
Jarrett Culver,MIN,03/24/2021,MIN vs. DAL,L,8,1,0,2,0,0,1,2,0,0,0,0,0,0,0,1,-6
Naz Reid,MIN,03/24/2021,MIN vs. DAL,L,14,8,3,4,1,2,1,3,0,6,6,0,1,0,4,1,-6
Jaden McDaniels,MIN,03/26/2021,MIN vs. HOU,W,33,14,5,5,2,2,2,2,1,3,4,0,0,2,0,0,9
Jarred Vanderbilt,MIN,03/26/2021,MIN vs. HOU,W,15,5,2,5,0,2,1,2,0,3,3,0,0,0,1,0,-9
Karl-Anthony Towns,MIN,03/26/2021,MIN vs. HOU,W,35,29,9,26,4,9,7,8,5,11,16,8,0,1,5,3,9
Anthony Edwards,MIN,03/26/2021,MIN vs. HOU,W,33,12,4,17,2,7,2,2,0,6,6,2,1,0,1,1,-12
Ricky Rubio,MIN,03/26/2021,MIN vs. HOU,W,27,2,0,7,0,3,2,2,0,3,3,8,2,0,1,2,5
Jaylen Nowell,MIN,03/26/2021,MIN vs. HOU,W,30,8,4,14,0,6,0,1,2,3,5,5,3,0,0,2,15
Jordan McLaughlin,MIN,03/26/2021,MIN vs. HOU,W,21,2,1,5,0,2,0,0,0,2,2,4,2,0,1,1,1
Juancho Hernangomez,MIN,03/26/2021,MIN vs. HOU,W,28,19,7,10,2,5,3,4,4,5,9,1,2,0,0,2,19
Naz Reid,MIN,03/26/2021,MIN vs. HOU,W,17,16,7,14,0,2,2,3,2,0,2,2,2,0,0,2,-7
Anthony Edwards,MIN,03/27/2021,MIN vs. HOU,L,34,27,11,22,3,9,2,3,1,3,4,2,1,0,1,1,-5
Jaden McDaniels,MIN,03/27/2021,MIN vs. HOU,L,36,14,6,10,2,4,0,0,1,1,2,1,0,1,0,2,-7
Karl-Anthony Towns,MIN,03/27/2021,MIN vs. HOU,L,33,27,7,11,2,3,11,12,5,10,15,4,0,2,4,4,-5
Malik Beasley,MIN,03/27/2021,MIN vs. HOU,L,30,13,4,17,3,12,2,2,1,3,4,3,2,0,1,1,-16
Ricky Rubio,MIN,03/27/2021,MIN vs. HOU,L,27,4,1,5,1,4,1,1,0,4,4,10,3,1,2,2,-2
Jaylen Nowell,MIN,03/27/2021,MIN vs. HOU,L,23,9,3,9,1,5,2,2,1,1,2,2,0,0,1,1,-24
Jordan McLaughlin,MIN,03/27/2021,MIN vs. HOU,L,16,0,0,0,0,0,0,0,0,1,1,4,2,0,2,2,-23
Naz Reid,MIN,03/27/2021,MIN vs. HOU,L,11,2,1,4,0,0,0,2,1,1,2,0,0,2,0,0,-7
Juancho Hernangomez,MIN,03/27/2021,MIN vs. HOU,L,17,9,2,4,1,2,4,6,0,5,5,0,0,0,0,1,-10
Jarrett Culver,MIN,03/27/2021,MIN vs. HOU,L,4,2,1,2,0,1,0,0,0,1,1,0,0,0,0,0,-8
Jake Layman,MIN,03/27/2021,MIN vs. HOU,L,5,0,0,0,0,0,0,0,0,0,0,0,0,0,0,0,7
Jarred Vanderbilt,MIN,03/27/2021,MIN vs. HOU,L,4,0,0,1,0,0,0,0,0,0,0,0,0,0,0,1,-10
Anthony Edwards,MIN,03/29/2021,MIN @ BKN,L,35,23,9,22,0,7,5,7,3,7,10,0,3,1,4,5,5
Jaden McDaniels,MIN,03/29/2021,MIN @ BKN,L,38,13,5,11,3,5,0,0,3,4,7,4,1,4,0,2,3
Karl-Anthony Towns,MIN,03/29/2021,MIN @ BKN,L,39,31,13,22,4,8,1,2,4,8,12,5,0,3,2,2,0
Malik Beasley,MIN,03/29/2021,MIN @ BKN,L,31,9,3,12,3,10,0,0,0,1,1,4,0,0,4,5,-8
Ricky Rubio,MIN,03/29/2021,MIN @ BKN,L,26,6,2,7,0,3,2,2,0,4,4,5,2,0,1,4,-6
Jaylen Nowell,MIN,03/29/2021,MIN @ BKN,L,16,9,3,9,2,4,1,1,1,2,3,1,1,0,1,1,4
Juancho Hernangomez,MIN,03/29/2021,MIN @ BKN,L,7,2,1,5,0,1,0,0,2,2,4,0,1,0,1,0,-7
Jarrett Culver,MIN,03/29/2021,MIN @ BKN,L,16,8,3,10,1,4,1,1,2,1,3,0,1,1,0,3,-12
Jordan McLaughlin,MIN,03/29/2021,MIN @ BKN,L,22,4,1,5,1,2,1,2,1,3,4,4,1,0,1,2,1
Naz Reid,MIN,03/29/2021,MIN @ BKN,L,9,2,0,0,0,0,2,2,1,2,3,0,0,1,1,1,-5
Anthony Edwards,MIN,03/31/2021,MIN vs. NYK,W,36,24,9,16,2,7,4,5,1,1,2,3,3,3,3,3,14
Jaden McDaniels,MIN,03/31/2021,MIN vs. NYK,W,36,18,7,13,4,9,0,0,2,3,5,3,0,0,2,3,9
Karl-Anthony Towns,MIN,03/31/2021,MIN vs. NYK,W,40,18,7,18,2,7,2,2,2,15,17,6,0,2,3,4,9
Malik Beasley,MIN,03/31/2021,MIN vs. NYK,W,32,20,5,9,5,8,5,6,0,1,1,0,1,1,1,1,-12
Ricky Rubio,MIN,03/31/2021,MIN vs. NYK,W,28,9,3,9,1,5,2,2,1,3,4,7,2,0,1,1,4
Jordan McLaughlin,MIN,03/31/2021,MIN vs. NYK,W,20,2,1,4,0,1,0,0,0,0,0,2,1,1,1,0,-3
Jaylen Nowell,MIN,03/31/2021,MIN vs. NYK,W,21,4,2,7,0,0,0,0,0,6,6,3,2,0,0,1,5
Naz Reid,MIN,03/31/2021,MIN vs. NYK,W,15,6,2,7,0,0,2,2,3,0,3,1,0,0,1,1,-7
Jarrett Culver,MIN,03/31/2021,MIN vs. NYK,W,4,1,0,2,0,1,1,2,0,1,1,0,0,0,0,0,-3
Juancho Hernangomez,MIN,03/31/2021,MIN vs. NYK,W,5,0,0,2,0,2,0,0,0,1,1,0,0,0,0,0,-9
Jake Layman,MIN,03/31/2021,MIN vs. NYK,W,3,0,0,0,0,0,0,0,0,0,0,0,0,0,0,0,-2
Anthony Edwards,MIN,04/02/2021,MIN @ MEM,L,31,22,9,14,2,3,2,2,1,2,3,6,1,2,3,1,-5
Jaden McDaniels,MIN,04/02/2021,MIN @ MEM,L,21,7,2,4,2,3,1,1,0,2,2,3,0,0,1,5,-12
Karl-Anthony Towns,MIN,04/02/2021,MIN @ MEM,L,34,30,11,25,1,8,7,7,3,13,16,2,1,1,0,4,-11
Malik Beasley,MIN,04/02/2021,MIN @ MEM,L,29,5,2,12,1,5,0,0,0,3,3,0,0,0,0,1,-18
Jordan McLaughlin,MIN,04/02/2021,MIN @ MEM,L,33,6,2,5,2,3,0,0,0,2,2,4,1,1,1,1,-6
Jaylen Nowell,MIN,04/02/2021,MIN @ MEM,L,21,9,4,9,1,3,0,0,0,1,1,3,0,0,4,1,-15
Josh Okogie,MIN,04/02/2021,MIN @ MEM,L,20,3,1,4,1,3,0,0,0,2,2,0,1,0,2,2,-3
Juancho Hernangomez,MIN,04/02/2021,MIN @ MEM,L,16,4,1,4,0,3,2,4,0,4,4,2,0,0,0,2,-16
Naz Reid,MIN,04/02/2021,MIN @ MEM,L,23,18,5,7,2,2,6,7,1,4,5,1,0,2,0,3,2
Jake Layman,MIN,04/02/2021,MIN @ MEM,L,4,0,0,0,0,0,0,0,0,0,0,0,0,0,0,0,8
Jarred Vanderbilt,MIN,04/02/2021,MIN @ MEM,L,4,0,0,0,0,0,0,0,0,1,1,0,0,0,0,0,8
Jarrett Culver,MIN,04/02/2021,MIN @ MEM,L,4,4,1,1,0,0,2,2,0,0,0,0,2,0,0,0,8
Josh Okogie,MIN,04/03/2021,MIN @ PHI,L,25,3,0,1,0,0,3,4,1,1,2,0,0,1,0,3,-9
Jaden McDaniels,MIN,04/03/2021,MIN @ PHI,L,35,14,4,10,2,6,4,4,2,6,8,1,1,2,0,4,-1
Karl-Anthony Towns,MIN,04/03/2021,MIN @ PHI,L,44,39,11,23,4,12,13,14,2,12,14,5,1,1,2,6,4
Anthony Edwards,MIN,04/03/2021,MIN @ PHI,L,41,27,10,23,3,7,4,4,1,0,1,1,1,0,4,1,-9
Jordan McLaughlin,MIN,04/03/2021,MIN @ PHI,L,42,12,4,9,1,4,3,4,0,6,6,9,3,0,2,0,-4
Jaylen Nowell,MIN,04/03/2021,MIN @ PHI,L,5,4,1,3,0,2,2,2,0,1,1,1,0,0,0,0,5
Jarrett Culver,MIN,04/03/2021,MIN @ PHI,L,9,3,1,1,1,1,0,0,0,1,1,0,0,0,1,2,-14
Naz Reid,MIN,04/03/2021,MIN @ PHI,L,18,5,1,3,1,3,2,2,0,3,3,0,0,1,0,5,-12
Jake Layman,MIN,04/03/2021,MIN @ PHI,L,18,6,3,5,0,1,0,2,0,0,0,0,1,0,0,2,-6
Jarred Vanderbilt,MIN,04/03/2021,MIN @ PHI,L,2,0,0,0,0,0,0,0,0,0,0,0,0,0,0,1,0
Juancho Hernangomez,MIN,04/03/2021,MIN @ PHI,L,2,0,0,0,0,0,0,0,0,0,0,0,0,0,0,0,1
Josh Okogie,MIN,04/05/2021,MIN vs. SAC,W,20,6,2,3,0,0,2,2,3,0,3,0,1,0,0,2,-16
Jaden McDaniels,MIN,04/05/2021,MIN vs. SAC,W,20,4,2,5,0,1,0,0,2,3,5,0,0,1,1,5,-4
Karl-Anthony Towns,MIN,04/05/2021,MIN vs. SAC,W,36,23,8,18,2,3,5,5,4,9,13,5,2,0,1,2,2
Anthony Edwards,MIN,04/05/2021,MIN vs. SAC,W,38,19,5,15,3,10,6,7,1,7,8,5,2,0,7,1,15
Ricky Rubio,MIN,04/05/2021,MIN vs. SAC,W,27,4,1,5,0,3,2,2,0,1,1,5,1,1,2,1,-3
D'Angelo Russell,MIN,04/05/2021,MIN vs. SAC,W,24,25,7,19,4,7,7,9,1,4,5,3,1,1,2,2,8
Jordan McLaughlin,MIN,04/05/2021,MIN vs. SAC,W,20,8,4,6,0,1,0,0,0,0,0,2,0,0,0,0,9
Jarrett Culver,MIN,04/05/2021,MIN vs. SAC,W,7,0,0,1,0,0,0,0,0,0,0,1,0,0,0,2,-5
Juancho Hernangomez,MIN,04/05/2021,MIN vs. SAC,W,26,17,5,10,1,3,6,8,4,5,9,1,1,0,0,0,17
Naz Reid,MIN,04/05/2021,MIN vs. SAC,W,21,10,4,8,2,3,0,0,0,7,7,0,1,1,0,1,21
Jake Layman,MIN,04/05/2021,MIN vs. SAC,W,3,0,0,1,0,1,0,0,0,0,0,0,1,0,1,0,6
Jaden McDaniels,MIN,04/07/2021,MIN @ IND,L,37,8,3,5,1,3,1,2,2,5,7,2,2,0,3,4,3
Jake Layman,MIN,04/07/2021,MIN @ IND,L,16,9,4,6,0,1,1,1,0,2,2,1,0,0,0,1,-5
Karl-Anthony Towns,MIN,04/07/2021,MIN @ IND,L,35,32,12,17,2,6,6,8,3,9,12,6,0,1,4,4,9
Anthony Edwards,MIN,04/07/2021,MIN @ IND,L,34,27,11,21,2,5,3,5,3,2,5,3,1,0,2,1,5
Ricky Rubio,MIN,04/07/2021,MIN @ IND,L,30,17,4,11,1,3,8,9,0,5,5,7,3,0,0,1,7
D'Angelo Russell,MIN,04/07/2021,MIN @ IND,L,24,17,5,15,2,7,5,5,1,0,1,5,0,0,1,2,-3
Jordan McLaughlin,MIN,04/07/2021,MIN @ IND,L,20,2,1,4,0,0,0,0,0,0,0,3,1,0,0,1,-10
Jarrett Culver,MIN,04/07/2021,MIN @ IND,L,18,8,3,5,1,1,1,2,2,1,3,2,0,1,1,2,-9
Juancho Hernangomez,MIN,04/07/2021,MIN @ IND,L,10,1,0,0,0,0,1,2,0,2,2,1,0,0,1,0,-8
Naz Reid,MIN,04/07/2021,MIN @ IND,L,15,16,5,7,1,2,5,6,2,3,5,0,0,0,0,1,-9
Josh Okogie,MIN,04/09/2021,MIN @ BOS,L,37,16,6,11,2,4,2,2,2,1,3,1,4,0,0,3,-3
Jaden McDaniels,MIN,04/09/2021,MIN @ BOS,L,44,11,5,12,1,5,0,0,2,1,3,1,2,0,1,4,-17
Karl-Anthony Towns,MIN,04/09/2021,MIN @ BOS,L,42,30,10,22,4,9,6,6,2,10,12,7,1,0,6,3,-4
Anthony Edwards,MIN,04/09/2021,MIN @ BOS,L,40,24,7,12,2,6,8,8,1,4,5,5,1,0,3,3,-1
Ricky Rubio,MIN,04/09/2021,MIN @ BOS,L,23,4,1,5,0,3,2,2,0,4,4,7,4,0,0,1,1
D'Angelo Russell,MIN,04/09/2021,MIN @ BOS,L,29,26,10,18,3,9,3,4,0,4,4,8,0,0,2,3,-10
Juancho Hernangomez,MIN,04/09/2021,MIN @ BOS,L,19,10,3,8,2,3,2,2,2,2,4,0,0,0,0,3,-5
Jordan McLaughlin,MIN,04/09/2021,MIN @ BOS,L,15,7,2,2,0,0,3,4,0,1,1,1,2,0,1,2,-5
Jarrett Culver,MIN,04/09/2021,MIN @ BOS,L,5,0,0,0,0,0,0,0,0,1,1,0,0,0,0,3,4
Naz Reid,MIN,04/09/2021,MIN @ BOS,L,11,8,3,6,1,3,1,2,0,0,0,0,0,0,1,1,-5
Josh Okogie,MIN,04/11/2021,MIN vs. CHI,W,36,6,2,6,0,2,2,2,0,3,3,0,1,1,3,2,1
Jaden McDaniels,MIN,04/11/2021,MIN vs. CHI,W,30,4,1,7,0,4,2,2,0,6,6,1,1,3,0,2,-3
Karl-Anthony Towns,MIN,04/11/2021,MIN vs. CHI,W,37,27,8,15,3,7,8,8,2,10,12,8,0,2,4,4,9
Anthony Edwards,MIN,04/11/2021,MIN vs. CHI,W,36,15,5,14,2,5,3,3,0,5,5,2,3,0,2,0,4
Ricky Rubio,MIN,04/11/2021,MIN vs. CHI,W,25,17,6,13,5,6,0,0,0,4,4,9,1,0,0,2,13
D'Angelo Russell,MIN,04/11/2021,MIN vs. CHI,W,26,27,9,13,3,6,6,6,0,2,2,4,0,0,2,2,2
Naz Reid,MIN,04/11/2021,MIN vs. CHI,W,28,18,6,9,2,4,4,4,0,1,1,2,0,0,1,1,-4
Jordan McLaughlin,MIN,04/11/2021,MIN vs. CHI,W,8,2,1,1,0,0,0,0,1,1,2,0,0,0,1,0,-4
Jarrett Culver,MIN,04/11/2021,MIN vs. CHI,W,7,5,2,2,1,1,0,0,0,0,0,0,1,0,1,0,-1
Juancho Hernangomez,MIN,04/11/2021,MIN vs. CHI,W,8,0,0,1,0,1,0,0,0,1,1,1,0,0,0,1,3
Josh Okogie,MIN,04/13/2021,MIN vs. BKN,L,18,7,2,2,1,1,2,3,0,1,1,1,4,1,2,4,-15
Jaden McDaniels,MIN,04/13/2021,MIN vs. BKN,L,24,5,2,5,1,3,0,0,0,3,3,2,0,0,1,3,-26
Naz Reid,MIN,04/13/2021,MIN vs. BKN,L,17,2,1,7,0,2,0,0,0,3,3,0,0,2,2,4,-22
Anthony Edwards,MIN,04/13/2021,MIN vs. BKN,L,33,27,8,22,2,11,9,12,1,7,8,2,1,1,1,2,-39
Ricky Rubio,MIN,04/13/2021,MIN vs. BKN,L,19,5,2,6,1,4,0,0,1,2,3,2,1,0,1,1,-31
D'Angelo Russell,MIN,04/13/2021,MIN vs. BKN,L,20,15,5,12,3,5,2,2,0,1,1,1,1,0,4,2,-14
Jordan McLaughlin,MIN,04/13/2021,MIN vs. BKN,L,22,9,3,7,2,5,1,2,0,2,2,2,2,0,1,0,9
Jarred Vanderbilt,MIN,04/13/2021,MIN vs. BKN,L,21,9,2,2,0,0,5,6,1,3,4,3,1,4,0,0,-15
Juancho Hernangomez,MIN,04/13/2021,MIN vs. BKN,L,12,0,0,3,0,3,0,0,1,1,2,0,0,1,1,1,-4
Jaylen Nowell,MIN,04/13/2021,MIN vs. BKN,L,17,3,1,10,0,6,1,2,0,3,3,0,0,0,0,1,1
Jarrett Culver,MIN,04/13/2021,MIN vs. BKN,L,15,4,1,6,1,5,1,2,0,3,3,2,0,0,1,0,-1
Jake Layman,MIN,04/13/2021,MIN vs. BKN,L,12,9,3,5,2,4,1,2,0,1,1,0,1,1,0,1,0
Ed Davis,MIN,04/13/2021,MIN vs. BKN,L,10,2,0,0,0,0,2,2,7,3,10,1,2,2,0,1,7
Josh Okogie,MIN,04/14/2021,MIN vs. MIL,L,24,13,4,6,3,4,2,2,0,2,2,0,0,2,0,4,-17
Jaden McDaniels,MIN,04/14/2021,MIN vs. MIL,L,26,13,5,10,3,5,0,0,0,4,4,0,0,0,2,2,-13
Naz Reid,MIN,04/14/2021,MIN vs. MIL,L,31,9,3,10,0,4,3,4,3,12,15,2,2,3,1,1,-23
Anthony Edwards,MIN,04/14/2021,MIN vs. MIL,L,31,24,8,21,5,11,3,5,0,0,0,3,3,0,2,0,-21
Ricky Rubio,MIN,04/14/2021,MIN vs. MIL,L,19,0,0,5,0,2,0,0,0,4,4,2,1,0,2,4,-23
D'Angelo Russell,MIN,04/14/2021,MIN vs. MIL,L,23,15,4,14,1,5,6,6,0,2,2,6,1,0,5,0,-6
Jordan McLaughlin,MIN,04/14/2021,MIN vs. MIL,L,19,4,1,4,0,2,2,2,2,2,4,4,2,0,0,1,4
Jarred Vanderbilt,MIN,04/14/2021,MIN vs. MIL,L,19,4,2,5,0,0,0,4,4,6,10,3,1,0,2,3,-6
Juancho Hernangomez,MIN,04/14/2021,MIN vs. MIL,L,22,18,5,6,3,4,5,6,0,2,2,1,1,1,0,0,-7
Ed Davis,MIN,04/14/2021,MIN vs. MIL,L,9,2,1,1,0,0,0,0,1,1,2,1,1,1,0,2,0
Jaylen Nowell,MIN,04/14/2021,MIN vs. MIL,L,10,0,0,4,0,1,0,0,0,2,2,0,0,0,0,0,-6
Jake Layman,MIN,04/14/2021,MIN vs. MIL,L,5,3,1,4,0,1,1,2,0,0,0,0,1,0,2,0,-2
Jarrett Culver,MIN,04/14/2021,MIN vs. MIL,L,4,0,0,2,0,2,0,0,0,0,0,0,0,0,0,0,-5
Josh Okogie,MIN,04/16/2021,MIN vs. MIA,W,25,10,3,4,1,2,3,4,0,4,4,2,0,0,2,2,-4
Jaden McDaniels,MIN,04/16/2021,MIN vs. MIA,W,16,4,1,3,1,3,1,2,0,1,1,1,1,0,0,3,-9
Karl-Anthony Towns,MIN,04/16/2021,MIN vs. MIA,W,26,24,8,14,4,4,4,7,0,5,5,5,0,1,3,6,1
Anthony Edwards,MIN,04/16/2021,MIN vs. MIA,W,30,12,5,13,2,6,0,0,0,4,4,5,1,0,1,0,19
Ricky Rubio,MIN,04/16/2021,MIN vs. MIA,W,32,17,5,10,2,5,5,5,0,3,3,4,2,0,3,2,-4
D'Angelo Russell,MIN,04/16/2021,MIN vs. MIA,W,24,11,4,8,3,6,0,0,0,0,0,5,2,0,3,0,-9
Jake Layman,MIN,04/16/2021,MIN vs. MIA,W,5,0,0,0,0,0,0,0,0,0,0,0,0,0,0,1,-3
Jordan McLaughlin,MIN,04/16/2021,MIN vs. MIA,W,16,2,1,3,0,1,0,0,0,1,1,3,0,0,2,1,12
Naz Reid,MIN,04/16/2021,MIN vs. MIA,W,22,16,6,12,0,3,4,5,4,3,7,2,0,0,0,3,7
Juancho Hernangomez,MIN,04/16/2021,MIN vs. MIA,W,23,14,6,10,2,6,0,0,1,5,6,2,0,0,1,1,19
Jarred Vanderbilt,MIN,04/16/2021,MIN vs. MIA,W,22,9,3,4,0,0,3,6,5,9,14,1,2,1,2,3,11
Josh Okogie,MIN,04/18/2021,MIN @ LAC,L,20,8,3,6,2,5,0,0,0,1,1,1,1,1,0,0,1
Jaden McDaniels,MIN,04/18/2021,MIN @ LAC,L,27,11,4,6,3,5,0,0,1,0,1,1,1,1,0,3,-7
Karl-Anthony Towns,MIN,04/18/2021,MIN @ LAC,L,25,16,5,15,1,6,5,5,1,5,6,5,0,0,3,4,-29
Anthony Edwards,MIN,04/18/2021,MIN @ LAC,L,29,23,6,16,5,11,6,7,0,6,6,3,0,0,1,4,-17
Ricky Rubio,MIN,04/18/2021,MIN @ LAC,L,23,6,2,6,1,3,1,2,0,2,2,5,1,0,0,1,-14
D'Angelo Russell,MIN,04/18/2021,MIN @ LAC,L,22,11,5,13,1,5,0,0,0,1,1,4,1,1,6,2,-20
Jordan McLaughlin,MIN,04/18/2021,MIN @ LAC,L,22,9,3,7,3,5,0,0,0,2,2,5,2,0,0,0,-6
Jarred Vanderbilt,MIN,04/18/2021,MIN @ LAC,L,15,1,0,2,0,0,1,2,3,2,5,0,0,3,0,1,-5
Juancho Hernangomez,MIN,04/18/2021,MIN @ LAC,L,18,2,1,5,0,3,0,0,0,2,2,0,0,0,0,1,-3
Naz Reid,MIN,04/18/2021,MIN @ LAC,L,21,13,5,10,1,2,2,3,1,6,7,0,0,1,0,2,-14
Ed Davis,MIN,04/18/2021,MIN @ LAC,L,9,1,0,0,0,0,1,2,0,4,4,0,0,0,1,2,13
Jake Layman,MIN,04/18/2021,MIN @ LAC,L,4,2,1,1,0,0,0,0,0,0,0,1,0,0,0,0,3
Jarrett Culver,MIN,04/18/2021,MIN @ LAC,L,4,2,1,1,0,0,0,0,0,0,0,2,0,0,0,1,3
Josh Okogie,MIN,04/20/2021,MIN @ SAC,W,24,10,4,8,0,3,2,2,2,1,3,1,0,1,0,3,21
Jaden McDaniels,MIN,04/20/2021,MIN @ SAC,W,30,13,6,8,1,2,0,0,1,5,6,0,0,1,3,2,8
Karl-Anthony Towns,MIN,04/20/2021,MIN @ SAC,W,36,26,9,17,4,9,4,6,7,11,18,5,0,4,3,3,7
Anthony Edwards,MIN,04/20/2021,MIN @ SAC,W,38,28,11,21,5,12,1,1,0,4,4,3,3,1,3,2,4
Ricky Rubio,MIN,04/20/2021,MIN @ SAC,W,30,6,3,8,0,3,0,0,1,3,4,11,1,0,3,1,11
D'Angelo Russell,MIN,04/20/2021,MIN @ SAC,W,25,28,10,13,6,8,2,2,0,3,3,6,0,0,2,2,-1
Juancho Hernangomez,MIN,04/20/2021,MIN @ SAC,W,16,5,2,6,0,4,1,4,0,2,2,2,0,0,2,2,2
Jordan McLaughlin,MIN,04/20/2021,MIN @ SAC,W,13,6,2,2,2,2,0,0,0,2,2,5,1,0,2,0,6
Naz Reid,MIN,04/20/2021,MIN @ SAC,W,14,10,3,5,0,0,4,4,1,3,4,1,0,1,0,0,11
Jarred Vanderbilt,MIN,04/20/2021,MIN @ SAC,W,14,2,1,2,0,0,0,0,0,4,4,0,0,1,0,1,1
Josh Okogie,MIN,05/05/2021,MIN vs. MEM,L,21,6,3,5,0,0,0,1,3,2,5,0,1,0,0,3,-2
Jaden McDaniels,MIN,05/05/2021,MIN vs. MEM,L,26,8,3,7,2,5,0,0,0,3,3,2,0,1,0,5,6
Karl-Anthony Towns,MIN,05/05/2021,MIN vs. MEM,L,24,22,7,15,3,6,5,5,2,2,4,5,1,0,4,5,9
Anthony Edwards,MIN,05/05/2021,MIN vs. MEM,L,38,42,17,22,8,9,0,1,1,5,6,7,1,1,3,4,11
D'Angelo Russell,MIN,05/05/2021,MIN vs. MEM,L,37,22,6,13,2,5,8,8,1,3,4,14,1,0,5,0,9
Ricky Rubio,MIN,05/05/2021,MIN vs. MEM,L,17,2,0,3,0,2,2,2,0,4,4,4,0,0,1,0,-15
Juancho Hernangomez,MIN,05/05/2021,MIN vs. MEM,L,25,11,3,10,2,6,3,4,1,2,3,0,0,0,0,0,-15
Naz Reid,MIN,05/05/2021,MIN vs. MEM,L,25,14,6,14,2,6,0,0,3,4,7,0,1,2,1,3,-12
Jarred Vanderbilt,MIN,05/05/2021,MIN vs. MEM,L,26,8,4,5,0,0,0,1,1,4,5,0,2,1,0,2,-11
Josh Okogie,MIN,04/21/2021,MIN @ SAC,L,24,7,3,6,0,1,1,2,3,1,4,1,1,0,0,4,7
Jaden McDaniels,MIN,04/21/2021,MIN @ SAC,L,32,4,2,4,0,2,0,0,1,1,2,0,1,1,0,5,-21
Karl-Anthony Towns,MIN,04/21/2021,MIN @ SAC,L,33,26,7,17,3,6,9,9,1,4,5,6,1,0,2,3,-21
Anthony Edwards,MIN,04/21/2021,MIN @ SAC,L,28,16,4,10,2,7,6,8,0,1,1,2,0,0,2,1,-3
Ricky Rubio,MIN,04/21/2021,MIN @ SAC,L,29,11,4,9,3,5,0,0,0,4,4,6,1,0,1,2,-5
D'Angelo Russell,MIN,04/21/2021,MIN @ SAC,L,29,15,6,12,2,5,1,2,0,3,3,9,2,1,2,0,-6
Juancho Hernangomez,MIN,04/21/2021,MIN @ SAC,L,19,16,6,10,3,5,1,1,1,1,2,0,1,0,0,1,12
Jarred Vanderbilt,MIN,04/21/2021,MIN @ SAC,L,16,4,2,3,0,0,0,0,3,3,6,2,0,1,0,1,14
Jordan McLaughlin,MIN,04/21/2021,MIN @ SAC,L,6,2,1,1,0,0,0,0,0,0,0,2,0,0,1,0,1
Naz Reid,MIN,04/21/2021,MIN @ SAC,L,24,24,11,15,2,3,0,0,0,7,7,2,0,1,2,4,7
Josh Okogie,MIN,04/24/2021,MIN @ UTA,W,32,8,3,6,0,3,2,4,1,1,2,2,2,1,1,3,12
Jaden McDaniels,MIN,04/24/2021,MIN @ UTA,W,33,6,3,6,0,0,0,0,2,3,5,2,1,0,1,4,2
Karl-Anthony Towns,MIN,04/24/2021,MIN @ UTA,W,37,24,9,18,2,7,4,6,2,10,12,3,0,1,4,3,1
Anthony Edwards,MIN,04/24/2021,MIN @ UTA,W,36,23,9,19,4,10,1,3,1,8,9,4,5,0,2,1,5
Ricky Rubio,MIN,04/24/2021,MIN @ UTA,W,20,2,1,5,0,2,0,0,0,1,1,2,1,0,0,4,-5
D'Angelo Russell,MIN,04/24/2021,MIN @ UTA,W,31,23,8,18,3,10,4,5,0,3,3,1,2,0,2,0,9
Juancho Hernangomez,MIN,04/24/2021,MIN @ UTA,W,19,4,2,6,0,4,0,0,0,5,5,1,0,0,1,0,0
Naz Reid,MIN,04/24/2021,MIN @ UTA,W,13,4,2,8,0,2,0,0,1,0,1,0,0,0,1,3,4
Jarred Vanderbilt,MIN,04/24/2021,MIN @ UTA,W,13,5,2,5,0,0,1,2,4,3,7,0,0,0,0,1,-1
Jordan McLaughlin,MIN,04/24/2021,MIN @ UTA,W,5,2,1,1,0,0,0,0,0,2,2,0,2,0,1,0,-2
Josh Okogie,MIN,04/26/2021,MIN vs. UTA,W,21,8,3,7,2,4,0,1,2,1,3,1,0,0,0,3,1
Jaden McDaniels,MIN,04/26/2021,MIN vs. UTA,W,34,6,2,9,1,6,1,2,2,8,10,2,0,2,1,4,4
Karl-Anthony Towns,MIN,04/26/2021,MIN vs. UTA,W,36,21,7,13,1,4,6,7,2,9,11,2,1,0,4,4,9
Anthony Edwards,MIN,04/26/2021,MIN vs. UTA,W,38,14,5,17,1,10,3,3,1,8,9,4,1,0,3,2,1
Ricky Rubio,MIN,04/26/2021,MIN vs. UTA,W,22,2,1,6,0,2,0,0,0,5,5,4,3,0,1,0,-1
D'Angelo Russell,MIN,04/26/2021,MIN vs. UTA,W,31,27,10,16,7,12,0,0,0,2,2,12,0,1,3,1,9
Juancho Hernangomez,MIN,04/26/2021,MIN vs. UTA,W,18,14,4,5,2,3,4,5,0,1,1,0,1,0,1,2,-1
Jordan McLaughlin,MIN,04/26/2021,MIN vs. UTA,W,12,0,0,0,0,0,0,0,0,1,1,4,0,0,0,1,-7
Naz Reid,MIN,04/26/2021,MIN vs. UTA,W,18,13,5,7,2,3,1,3,0,2,2,0,0,1,0,1,-4
Jarred Vanderbilt,MIN,04/26/2021,MIN vs. UTA,W,10,0,0,3,0,0,0,0,1,3,4,0,1,0,3,3,-6
Josh Okogie,MIN,04/27/2021,MIN @ HOU,W,17,2,0,0,0,0,2,2,3,5,8,2,0,0,0,0,-3
Jaden McDaniels,MIN,04/27/2021,MIN @ HOU,W,26,5,2,4,1,2,0,0,0,3,3,0,1,0,0,1,-10
Karl-Anthony Towns,MIN,04/27/2021,MIN @ HOU,W,31,31,12,22,2,7,5,7,3,4,7,5,1,0,5,6,-4
Anthony Edwards,MIN,04/27/2021,MIN @ HOU,W,33,19,9,22,1,8,0,3,2,7,9,2,3,2,3,1,2
Ricky Rubio,MIN,04/27/2021,MIN @ HOU,W,17,3,1,3,1,3,0,0,0,2,2,4,0,0,1,2,-8
D'Angelo Russell,MIN,04/27/2021,MIN @ HOU,W,29,15,5,17,1,8,4,5,0,3,3,7,1,0,2,1,1
Jordan McLaughlin,MIN,04/27/2021,MIN @ HOU,W,19,4,2,3,0,1,0,0,1,1,2,5,1,0,0,1,13
Juancho Hernangomez,MIN,04/27/2021,MIN @ HOU,W,28,22,8,12,3,6,3,8,0,7,7,1,0,2,0,1,16
Jarred Vanderbilt,MIN,04/27/2021,MIN @ HOU,W,22,8,4,4,0,0,0,0,3,4,7,2,3,0,0,4,17
Naz Reid,MIN,04/27/2021,MIN @ HOU,W,17,5,2,6,1,3,0,0,0,0,0,1,0,2,3,3,11
Josh Okogie,MIN,04/29/2021,MIN vs. GSW,W,18,6,1,3,0,1,4,4,3,3,6,0,0,0,0,0,-1
Jaden McDaniels,MIN,04/29/2021,MIN vs. GSW,W,32,8,3,7,2,5,0,0,2,3,5,4,1,0,1,4,-1
Karl-Anthony Towns,MIN,04/29/2021,MIN vs. GSW,W,33,22,6,18,3,7,7,10,2,9,11,7,0,0,2,2,3
Anthony Edwards,MIN,04/29/2021,MIN vs. GSW,W,34,25,10,19,3,6,2,3,0,5,5,3,0,1,2,4,5
Ricky Rubio,MIN,04/29/2021,MIN vs. GSW,W,31,26,7,13,5,8,7,7,1,5,6,6,2,0,0,1,17
D'Angelo Russell,MIN,04/29/2021,MIN vs. GSW,W,24,7,3,11,1,5,0,2,0,2,2,8,1,0,3,3,3
Jordan McLaughlin,MIN,04/29/2021,MIN vs. GSW,W,12,8,3,6,2,3,0,0,1,3,4,1,0,0,3,3,6
Juancho Hernangomez,MIN,04/29/2021,MIN vs. GSW,W,23,9,3,6,3,4,0,0,2,5,7,0,1,0,0,1,8
Naz Reid,MIN,04/29/2021,MIN vs. GSW,W,15,13,6,9,1,2,0,3,1,4,5,0,0,1,1,2,9
Jarred Vanderbilt,MIN,04/29/2021,MIN vs. GSW,W,16,2,1,2,0,0,0,0,4,2,6,2,0,0,1,1,11
Josh Okogie,MIN,05/01/2021,MIN vs. NOP,L,17,4,1,3,0,0,2,2,1,0,1,3,1,0,0,1,6
Jaden McDaniels,MIN,05/01/2021,MIN vs. NOP,L,35,5,1,2,1,2,2,2,1,4,5,0,2,0,1,6,10
Karl-Anthony Towns,MIN,05/01/2021,MIN vs. NOP,L,37,28,8,19,4,9,8,8,1,13,14,3,3,0,4,6,-6
Anthony Edwards,MIN,05/01/2021,MIN vs. NOP,L,38,29,9,21,2,7,9,11,2,7,9,6,0,1,6,3,-8
Ricky Rubio,MIN,05/01/2021,MIN vs. NOP,L,32,11,4,8,1,4,2,2,1,2,3,7,6,0,1,2,-4
D'Angelo Russell,MIN,05/01/2021,MIN vs. NOP,L,33,17,8,22,1,12,0,1,0,2,2,11,2,0,4,3,-10
Juancho Hernangomez,MIN,05/01/2021,MIN vs. NOP,L,21,14,5,13,3,8,1,2,2,1,3,2,1,1,0,0,3
Jordan McLaughlin,MIN,05/01/2021,MIN vs. NOP,L,12,2,1,1,0,0,0,0,0,1,1,2,0,0,0,0,0
Jarred Vanderbilt,MIN,05/01/2021,MIN vs. NOP,L,18,9,4,4,0,0,1,2,3,5,8,1,1,1,0,3,-9
Naz Reid,MIN,05/01/2021,MIN vs. NOP,L,22,17,7,13,3,6,0,2,2,3,5,0,1,2,0,6,-2
Anthony Edwards,MIN,05/07/2021,MIN @ MIA,L,41,25,10,19,2,9,3,3,2,4,6,3,0,1,5,4,-1
Jarred Vanderbilt,MIN,05/07/2021,MIN @ MIA,L,36,8,4,5,0,0,0,0,1,10,11,1,5,2,0,4,9
Karl-Anthony Towns,MIN,05/07/2021,MIN @ MIA,L,31,27,8,16,2,6,9,11,0,6,6,4,0,0,4,5,9
D'Angelo Russell,MIN,05/07/2021,MIN @ MIA,L,26,17,6,12,4,7,1,3,2,1,3,4,0,0,0,0,3
Ricky Rubio,MIN,05/07/2021,MIN @ MIA,L,33,16,6,12,1,4,3,4,1,2,3,9,2,0,3,3,12
Juancho Hernangomez,MIN,05/07/2021,MIN @ MIA,L,24,8,3,11,1,7,1,5,2,3,5,0,0,0,1,1,-12
Jordan McLaughlin,MIN,05/07/2021,MIN @ MIA,L,15,2,0,2,0,1,2,2,0,0,0,4,0,0,0,0,-21
Josh Okogie,MIN,05/07/2021,MIN @ MIA,L,10,3,1,2,0,1,1,2,0,0,0,1,0,1,1,1,-22
Jaylen Nowell,MIN,05/07/2021,MIN @ MIA,L,7,0,0,1,0,0,0,0,0,1,1,0,0,0,0,2,-6
Naz Reid,MIN,05/07/2021,MIN @ MIA,L,18,6,3,5,0,2,0,0,1,5,6,1,0,0,2,4,-16
Anthony Edwards,MIN,05/09/2021,MIN @ ORL,W,29,16,7,11,2,6,0,1,1,9,10,5,0,1,1,2,25
Jarred Vanderbilt,MIN,05/09/2021,MIN @ ORL,W,22,8,4,8,0,0,0,0,2,6,8,0,1,1,0,2,31
Karl-Anthony Towns,MIN,05/09/2021,MIN @ ORL,W,29,27,10,19,2,7,5,6,3,6,9,4,1,2,1,3,32
D'Angelo Russell,MIN,05/09/2021,MIN @ ORL,W,30,27,9,21,5,9,4,6,1,5,6,7,0,0,1,1,33
Ricky Rubio,MIN,05/09/2021,MIN @ ORL,W,26,18,6,11,3,7,3,3,0,2,2,3,1,0,0,2,27
Josh Okogie,MIN,05/09/2021,MIN @ ORL,W,26,3,1,6,0,4,1,2,3,0,3,3,1,1,4,2,4
Jaylen Nowell,MIN,05/09/2021,MIN @ ORL,W,25,8,3,8,1,4,1,2,0,3,3,2,0,2,1,2,10
Naz Reid,MIN,05/09/2021,MIN @ ORL,W,16,9,3,5,1,3,2,2,2,6,8,4,0,1,0,3,1
Jordan McLaughlin,MIN,05/09/2021,MIN @ ORL,W,25,7,2,4,1,3,2,2,0,5,5,2,1,0,2,0,3
Jake Layman,MIN,05/09/2021,MIN @ ORL,W,7,5,2,4,1,2,0,0,0,1,1,0,0,1,0,1,-3
Ed Davis,MIN,05/09/2021,MIN @ ORL,W,6,0,0,0,0,0,0,0,0,2,2,0,0,0,0,2,-3
